ID,Year,Event,Date,Week Num,Week Show,P/S/F,Perf,School Full,State,MPI,MPE,Mus Avg,VPI,VPE,Vis Avg,MGE1,MGE2,MGE Tot,VGE,GE Tot,Subtotal,Pen,Total,Place: Class,Class,Place: Panel,Place: Overall,Semis/Finals?,GN Finals?,Show Concat,SchoolConcat,MPI Rank,MPE Rank,Mus Avg Rank,VPI Rank,VPE Rank,Vis Avg Rank,MGE1 Rank,MGE2 Rank,MGE Tot Rank,VGE Rank,GE Tot Rank,Subtotal Rank,Total Rank
1,2024,Central Texas Regional,9/28/2024,3,35.00,Finals,9,"Dripping Springs H.S., TX",TX,17.200,17.300,17.250,16.900,16.500,16.700,17.300,17.000,34.300,16.500,50.800,84.750,0,84.750,,AAAA,,1,,,,"Dripping Springs H.S., TX84.75",1,1,1,2,2,2,1,1,1,2,1,1,1
2,2024,Central Texas Regional,9/28/2024,3,35.00,Finals,10,"James Bowie H.S., TX",TX,16.600,16.900,16.750,17.100,16.700,16.900,16.400,16.400,32.800,16.750,49.550,83.200,0,83.200,,AAAA,,2,,,,"James Bowie H.S., TX83.2",2,3,2,1,1,1,5,3,5,1,3,2,2
3,2024,Central Texas Regional,9/28/2024,3,35.00,Finals,7,"McNeil H.S., TX",TX,16.500,16.300,16.400,15.900,15.300,15.600,17.000,16.500,33.500,16.400,49.900,81.900,0,81.900,,AAAA,,3,,,,"McNeil H.S., TX81.9",3,6,4,5,7,6,3,2,2,3,2,3,3
4,2024,Central Texas Regional,9/28/2024,3,35.00,Finals,8,"Moe & Gene Johnson H.S., TX",TX,16.200,16.600,16.400,16.400,16.300,16.350,16.800,16.300,33.100,15.900,49.000,81.750,0,81.750,,AAAA,,4,,,,"Moe & Gene Johnson H.S., TX81.75",4,5,4,4,3,3,4,5,4,5,5,4,4
5,2024,Central Texas Regional,9/28/2024,3,35.00,Finals,11,"Louis D. Brandeis H.S., TX",TX,16.000,16.800,16.400,15.500,15.900,15.700,17.200,16.250,33.450,16.100,49.550,81.650,0,81.650,,AAAA,,5,,,,"Louis D. Brandeis H.S., TX81.65",5,4,4,6,5,5,2,6,3,4,3,5,5
6,2024,Central Texas Regional,9/28/2024,3,35.00,Finals,12,"Robert E. Hendrickson H.S., TX",TX,15.900,17.000,16.450,16.800,15.800,16.300,16.000,16.350,32.350,15.800,48.150,80.900,0,80.900,,AAA,,6,,,,"Robert E. Hendrickson H.S., TX80.9",6,2,3,3,6,4,6,4,6,6,6,6,6
7,2024,Central Texas Regional,9/28/2024,3,35.00,Finals,2,"Claudia Taylor Johnson H.S., TX",TX,15.700,15.600,15.650,14.900,16.000,15.450,15.600,15.900,31.500,15.700,47.200,78.300,0,78.300,,AAAA,,7,,,,"Claudia Taylor Johnson H.S., TX78.3",7,7,7,8,4,7,7,7,7,7,7,7,7
8,2024,Central Texas Regional,9/28/2024,3,35.00,Finals,6,"Pieper H.S., TX",TX,14.400,14.400,14.400,14.600,14.700,14.650,15.300,14.900,30.200,15.000,45.200,74.250,0,74.250,,AAA,,8,,,,"Pieper H.S., TX74.25",10,11,10,11,10,10,8,9,8,8,8,8,8
9,2024,Central Texas Regional,9/28/2024,3,35.00,Finals,3,"Lockhart H.S., TX",TX,14.900,14.700,14.800,15.100,15.100,15.100,15.000,14.800,29.800,14.300,44.100,74.000,0,74.000,,AAA,,9,,,,"Lockhart H.S., TX74",9,9,9,7,9,8,9,10,9,11,9,9,9
10,2024,Central Texas Regional,9/28/2024,3,35.00,Finals,4,"William B. Travis H.S., TX",TX,15.100,14.800,14.950,14.800,15.200,15.000,14.600,15.200,29.800,13.900,43.700,73.650,0,73.650,,AAAA,,10,,,,"William B. Travis H.S., TX73.65",8,8,8,9,8,9,10,8,9,12,11,10,10
11,2024,Central Texas Regional,9/28/2024,3,35.00,Finals,5,"Liberty Hill H.S., TX",TX,14.000,14.600,14.300,14.700,14.600,14.650,14.400,14.600,29.000,14.900,43.900,72.850,0,72.850,,AAA,,11,,,,"Liberty Hill H.S., TX72.85",12,10,11,10,11,10,11,11,11,9,10,11,11
12,2024,Central Texas Regional,9/28/2024,3,35.00,Finals,1,"A&M Consolidated H.S., TX",TX,14.300,14.100,14.200,14.200,14.300,14.250,14.200,14.300,28.500,14.600,43.100,71.550,0,71.550,,AAA,,12,,,,"A&M Consolidated H.S., TX71.55",11,12,12,12,12,12,12,12,12,10,12,12,12
13,2024,Iowa Regional,9/28/2024,3,35.00,Finals,10,"Rosemount H.S., MN",MN,16.500,16.100,16.300,16.300,16.500,16.400,16.500,16.000,32.500,16.200,48.700,81.400,0,81.400,,AAA,,1,,,,"Rosemount H.S., MN81.4",2,1,2,2,1,1,1,2,1,1,1,1,1
14,2024,Iowa Regional,9/28/2024,3,35.00,Finals,8,"Lincoln H.S., SD",SD,17.000,15.800,16.400,17.100,15.600,16.350,16.300,16.200,32.500,15.700,48.200,80.950,0,80.950,,AAA,,2,,,,"Lincoln H.S., SD80.95",1,2,1,1,2,2,2,1,1,2,2,2,2
15,2024,Iowa Regional,9/28/2024,3,35.00,Finals,11,"Bellevue West H.S., NE",NE,15.800,15.700,15.750,16.000,15.100,15.550,15.900,15.200,31.100,15.000,46.100,77.400,0,77.400,,AA,,3,,,,"Bellevue West H.S., NE77.4",4,3,3,4,3,3,4,5,4,5,5,3,3
16,2024,Iowa Regional,9/28/2024,3,35.00,Finals,7,"Fayetteville H.S., AR",AR,15.300,14.700,15.000,15.900,14.800,15.350,15.000,15.800,30.800,15.400,46.200,76.550,0,76.550,,AAAA,,4,,,,"Fayetteville H.S., AR76.55",5,7,6,5,4,4,7,3,5,3,4,4,4
17,2024,Iowa Regional,9/28/2024,3,35.00,Finals,12,"Eastview H.S., MN",MN,14.900,14.900,14.900,15.100,14.200,14.650,16.100,15.600,31.700,15.200,46.900,76.450,0,76.450,,AAA,,5,,,,"Eastview H.S., MN76.45",7,6,7,8,6,7,3,4,3,4,3,5,5
18,2024,Iowa Regional,9/28/2024,3,35.00,Finals,9,"Pella H.S., IA",IA,15.000,15.300,15.150,15.500,14.500,15.000,15.700,14.800,30.500,14.800,45.300,75.450,0,75.450,,AA,,6,,,,"Pella H.S., IA75.45",6,4,5,7,5,5,5,7,6,6,6,6,6
19,2024,Iowa Regional,9/28/2024,3,35.00,Finals,6,"Millard West H.S., NE",NE,16.100,15.000,15.550,16.100,13.600,14.850,15.300,15.000,30.300,14.700,45.000,75.400,0,75.400,,AAA,,7,,,,"Millard West H.S., NE75.4",3,5,4,3,8,6,6,6,7,7,7,7,7
20,2024,Iowa Regional,9/28/2024,3,35.00,Finals,2,"Bellevue East H.S., NE",NE,13.100,13.900,13.500,14.500,13.900,14.200,13.500,13.900,27.400,14.400,41.800,69.500,0,69.500,,AA,,8,,,,"Bellevue East H.S., NE69.5",11,9,11,9,7,9,8,10,9,8,8,8,8
21,2024,Iowa Regional,9/28/2024,3,35.00,Finals,3,"Rock Bridge H.S., MO",MO,13.900,13.300,13.600,14.200,12.800,13.500,13.300,14.600,27.900,13.600,41.500,68.600,0,68.600,,AAA,,9,,,,"Rock Bridge H.S., MO68.6",10,11,10,10,11,10,9,8,8,10,9,10,9
22,2024,Iowa Regional,9/28/2024,3,35.00,Finals,5,"Oakville H.S., MO",MO,14.800,14.300,14.550,15.700,13.400,14.550,13.200,13.300,26.500,13.300,39.800,68.900,0.6,68.300,,AAA,,10,,,,"Oakville H.S., MO68.3",8,8,8,6,9,8,10,12,12,12,12,9,10
23,2024,Iowa Regional,9/28/2024,3,35.00,Finals,4,"MOC-Floyd Valley H.S., IA",IA,14.400,13.700,14.050,13.600,12.500,13.050,12.600,14.200,26.800,14.100,40.900,68.000,0,68.000,,A,,11,,,,"MOC-Floyd Valley H.S., IA68",9,10,9,12,12,12,12,9,10,9,10,11,11
24,2024,Iowa Regional,9/28/2024,3,35.00,Finals,1,"Fort Zumwalt West H.S., MO",MO,12.500,13.100,12.800,13.900,13.100,13.500,13.000,13.600,26.600,13.400,40.000,66.300,0,66.300,,AA,,12,,,,"Fort Zumwalt West H.S., MO66.3",12,12,12,11,10,10,11,11,11,11,11,12,12
25,2024,North Houston Regional,9/28/2024,3,35.00,Finals,12,"The Woodlands H.S., TX",TX,16.900,16.700,16.800,17.300,16.900,17.100,16.800,16.400,33.200,17.100,50.300,84.200,0,84.200,,AAAA,,1,,,,"The Woodlands H.S., TX84.2",1,1,1,1,1,1,1,2,1,1,1,1,1
26,2024,North Houston Regional,9/28/2024,3,35.00,Finals,10,"Cy-Fair H.S., TX",TX,16.200,16.600,16.400,17.000,16.600,16.800,16.500,16.500,33.000,17.000,50.000,83.200,0,83.200,,AAAA,,2,,,,"Cy-Fair H.S., TX83.2",2,2,2,2,2,2,2,1,2,2,2,2,2
27,2024,North Houston Regional,9/28/2024,3,35.00,Finals,9,"College Park H.S., TX",TX,16.100,16.300,16.200,16.300,16.500,16.400,15.800,16.200,32.000,16.800,48.800,81.400,0,81.400,,AAAA,,3,,,,"College Park H.S., TX81.4",3,3,3,5,3,3,4,3,4,3,3,3,3
28,2024,North Houston Regional,9/28/2024,3,35.00,Finals,11,"Stephen F. Austin H.S., TX",TX,14.750,15.900,15.325,16.400,16.300,16.350,16.200,16.100,32.300,16.000,48.300,79.975,0,79.975,,AAAA,,4,,,,"Stephen F. Austin H.S., TX79.975",9,6,7,4,4,4,3,4,3,6,4,4,4
29,2024,North Houston Regional,9/28/2024,3,35.00,Finals,7,"Tomball Memorial H.S., TX",TX,15.200,15.800,15.500,15.900,16.000,15.950,15.400,15.700,31.100,16.400,47.500,78.950,0,78.950,,AAAA,,5,,,,"Tomball Memorial H.S., TX78.95",5,7,5,6,7,6,7,6,5,4,5,5,5
30,2024,North Houston Regional,9/28/2024,3,35.00,Finals,8,"Clear Brook H.S., TX",TX,14.900,15.700,15.300,16.500,16.100,16.300,15.600,14.600,30.200,16.300,46.500,78.100,0,78.100,,AAA,,6,,,,"Clear Brook H.S., TX78.1",8,8,8,3,6,5,5,12,8,5,6,6,6
31,2024,North Houston Regional,9/28/2024,3,35.00,Finals,5,"Foster H.S., TX",TX,15.300,16.000,15.650,15.300,15.500,15.400,14.700,15.400,30.100,15.900,46.000,77.050,0,77.050,,AAAA,,7,,,,"Foster H.S., TX77.05",4,5,4,8,10,9,11,7,9,7,7,7,7
32,2024,North Houston Regional,9/28/2024,3,35.00,Finals,4,"Klein Oak H.S., TX",TX,14.700,16.200,15.450,15.600,16.200,15.900,15.500,14.900,30.400,14.900,45.300,76.650,0,76.650,,AAAA,,8,,,,"Klein Oak H.S., TX76.65",10,4,6,7,5,7,6,10,7,10,9,8,8
33,2024,North Houston Regional,9/28/2024,3,35.00,Finals,3,"Friendswood H.S., TX",TX,14.300,15.300,14.800,15.100,15.800,15.450,15.200,14.700,29.900,15.600,45.500,75.750,0,75.750,,AAA,,9,,,,"Friendswood H.S., TX75.75",12,11,12,9,9,8,8,11,11,8,8,9,9
34,2024,North Houston Regional,9/28/2024,3,35.00,Finals,6,"Cinco Ranch H.S., TX",TX,15.000,15.400,15.200,14.400,15.900,15.150,14.900,15.900,30.800,14.200,45.000,75.350,0,75.350,,AAAA,,10,,,,"Cinco Ranch H.S., TX75.35",7,10,9,12,8,10,9,5,6,12,11,10,10
35,2024,North Houston Regional,9/28/2024,3,35.00,Finals,1,"Dawson H.S., TX",TX,15.100,15.000,15.050,14.900,15.000,14.950,14.800,15.200,30.000,15.100,45.100,75.100,0,75.100,,AAAA,,11,,,,"Dawson H.S., TX75.1",6,12,10,10,12,11,10,8,10,9,10,11,11
36,2024,North Houston Regional,9/28/2024,3,35.00,Finals,2,"North Shore Senior H.S., TX",TX,14.500,15.600,15.050,14.600,15.300,14.950,14.300,15.000,29.300,14.400,43.700,73.700,0,73.700,,AAAA,,12,,,,"North Shore Senior H.S., TX73.7",11,9,10,11,11,11,12,9,12,11,12,12,12
37,2024,West Texas Regional,9/28/2024,3,35.00,Finals,11,"Braswell H.S., TX",TX,15.400,16.600,16.000,15.400,15.800,15.600,15.800,16.700,32.500,16.000,48.500,80.100,0,80.100,,AAAA,,1,,,,"Braswell H.S., TX80.1",4,3,3,2,1,1,1,2,1,1,1,1,1
38,2024,West Texas Regional,9/28/2024,3,35.00,Finals,7,"Richland H.S., TX",TX,16.500,16.700,16.600,15.800,15.300,15.550,15.100,16.400,31.500,15.800,47.300,79.450,0,79.450,,AAA,,2,,,,"Richland H.S., TX79.45",2,2,2,1,3,2,3,4,3,2,2,2,2
39,2024,West Texas Regional,9/28/2024,3,35.00,Finals,12,"Permian H.S., TX",TX,16.800,16.800,16.800,15.000,15.500,15.250,14.700,16.800,31.500,15.500,47.000,79.050,0,79.050,,AAAA,,3,,,,"Permian H.S., TX79.05",1,1,1,3,2,3,5,1,3,3,4,3,3
40,2024,West Texas Regional,9/28/2024,3,35.00,Finals,8,"W.E. Boswell H.S., TX",TX,15.100,15.400,15.250,14.700,14.700,14.700,15.500,16.500,32.000,15.100,47.100,77.050,0,77.050,,AAA,,4,,,,"W.E. Boswell H.S., TX77.05",5,4,4,5,4,4,2,3,2,5,3,4,4
41,2024,West Texas Regional,9/28/2024,3,35.00,Finals,10,"Nimitz H.S., TX",TX,15.600,14.400,15.000,14.200,14.500,14.350,14.800,14.200,29.000,15.300,44.300,73.650,0,73.650,,AAA,,5,,,,"Nimitz H.S., TX73.65",3,8,5,7,5,6,4,7,6,4,6,5,5
42,2024,West Texas Regional,9/28/2024,3,35.00,Finals,9,"Lubbock-Cooper H.S., TX",TX,14.600,14.100,14.350,14.800,14.100,14.450,14.400,15.100,29.500,14.900,44.400,73.200,0,73.200,,AAA,,6,,,,"Lubbock-Cooper H.S., TX73.2",6,10,7,4,6,5,6,5,5,6,5,6,6
43,2024,West Texas Regional,9/28/2024,3,35.00,Finals,2,"V. Sue Cleveland H.S., NM",NM,14.200,14.000,14.100,14.300,14.000,14.150,14.300,14.500,28.800,14.500,43.300,71.550,0,71.550,,AAAA,,7,,,,"V. Sue Cleveland H.S., NM71.55",8,11,9,6,7,7,7,6,7,8,7,7,7
44,2024,West Texas Regional,9/28/2024,3,35.00,Finals,6,"Frenship H.S., TX",TX,14.400,15.200,14.800,13.500,13.900,13.700,14.100,13.800,27.900,14.700,42.600,71.100,0,71.100,,AAAA,,8,,,,"Frenship H.S., TX71.1",7,5,6,8,8,8,8,9,8,7,8,8,8
45,2024,West Texas Regional,9/28/2024,3,35.00,Finals,4,"Midland H.S., TX",TX,13.700,14.700,14.200,12.600,13.800,13.200,13.000,13.600,26.600,14.300,40.900,68.300,0,68.300,,AAAA,,9,,,,"Midland H.S., TX68.3",10,6,8,12,9,10,11,10,11,9,9,9,9
46,2024,West Texas Regional,9/28/2024,3,35.00,Finals,1,"Del Rio H.S., TX",TX,14.000,13.600,13.800,13.200,13.100,13.150,13.600,13.300,26.900,13.600,40.500,67.450,0,67.450,,AAA,,10,,,,"Del Rio H.S., TX67.45",9,12,12,9,11,11,9,11,10,10,10,10,10
47,2024,West Texas Regional,9/28/2024,3,35.00,Finals,5,"Pecos H.S., TX",TX,13.300,14.500,13.900,13.000,12.800,12.900,13.200,14.000,27.200,13.300,40.500,67.300,0,67.300,,AA,,11,,,,"Pecos H.S., TX67.3",12,7,10,10,12,12,10,8,9,11,10,11,11
48,2024,West Texas Regional,9/28/2024,3,35.00,Finals,3,"Odessa H.S., TX",TX,13.500,14.300,13.900,12.900,13.600,13.250,12.900,12.900,25.800,13.000,38.800,65.950,0,65.950,,AAAA,,12,,,,"Odessa H.S., TX65.95",11,9,10,11,10,9,12,12,12,12,12,12,12
49,2024,Central Texas Regional,9/28/2024,3,30.00,Prelims,21,"Dripping Springs H.S., TX",TX,17.600,17.200,17.400,15.700,16.250,15.975,16.400,17.200,33.600,16.400,50.000,83.375,0,83.375,1,AAAA,,1,,,,"Dripping Springs H.S., TX83.375",2,3,2,4,3,3,4,1,1,4,1,1,1
50,2024,Central Texas Regional,9/28/2024,3,30.00,Prelims,16,"James Bowie H.S., TX",TX,17.300,16.800,17.050,16.700,16.600,16.650,16.800,15.700,32.500,16.500,49.000,82.700,0,82.700,2,AAAA,,2,,,,"James Bowie H.S., TX82.7",4,5,5,1,1,1,1,7,5,3,5,2,2
51,2024,Central Texas Regional,9/28/2024,3,30.00,Prelims,20,"Robert E. Hendrickson H.S., TX",TX,17.800,16.200,17.000,16.500,15.700,16.100,15.600,16.800,32.400,16.800,49.200,82.300,0,82.300,1,AAA,,3,,,,"Robert E. Hendrickson H.S., TX82.3",1,7,6,2,5,2,7,3,6,1,2,3,3
52,2024,Central Texas Regional,9/28/2024,3,30.00,Prelims,11,"Louis D. Brandeis H.S., TX",TX,16.900,17.400,17.150,15.100,15.900,15.500,16.100,16.500,32.600,16.600,49.200,81.850,0,81.850,3,AAAA,,4,,,,"Louis D. Brandeis H.S., TX81.85",7,2,3,6,4,6,6,4,4,2,2,4,4
53,2024,Central Texas Regional,9/28/2024,3,30.00,Prelims,13,"Moe & Gene Johnson H.S., TX",TX,17.100,16.600,16.850,14.900,16.300,15.600,16.500,17.000,33.500,15.700,49.200,81.650,0,81.650,4,AAAA,,5,,,,"Moe & Gene Johnson H.S., TX81.65",6,6,7,7,2,5,3,2,2,7,2,5,5
54,2024,Central Texas Regional,9/28/2024,3,30.00,Prelims,18,"McNeil H.S., TX",TX,17.400,17.700,17.550,14.600,15.600,15.100,16.600,16.200,32.800,15.900,48.700,81.350,0,81.350,5,AAAA,,6,,,,"McNeil H.S., TX81.35",3,1,1,9,6,8,2,5,3,5,6,6,6
55,2024,Central Texas Regional,9/28/2024,3,30.00,Prelims,17,"Claudia Taylor Johnson H.S., TX",TX,17.200,17.000,17.100,16.200,15.500,15.850,16.300,16.000,32.300,15.600,47.900,80.850,0,80.850,6,AAAA,,7,,,,"Claudia Taylor Johnson H.S., TX80.85",5,4,4,3,7,4,5,6,7,8,7,7,7
56,2024,Central Texas Regional,9/28/2024,3,30.00,Prelims,8,"Lockhart H.S., TX",TX,16.500,15.400,15.950,15.500,14.800,15.150,15.100,15.300,30.400,14.700,45.100,76.200,0.2,76.000,2,AAA,,8,,,,"Lockhart H.S., TX76",9,9,8,5,9,7,10,10,9,12,10,8,8
57,2024,Central Texas Regional,9/28/2024,3,30.00,Prelims,12,"Pieper H.S., TX",TX,16.700,15.000,15.850,14.300,14.500,14.400,15.500,15.400,30.900,14.800,45.700,75.950,0,75.950,3,AAA,,9,,,,"Pieper H.S., TX75.95",8,10,9,11,10,11,9,9,8,11,8,9,9
58,2024,Central Texas Regional,9/28/2024,3,30.00,Prelims,7,"William B. Travis H.S., TX",TX,15.900,14.800,15.350,14.500,15.200,14.850,14.100,14.800,28.900,15.800,44.700,74.900,0,74.900,7,AAAA,,10,,,,"William B. Travis H.S., TX74.9",10,11,11,10,8,9,12,11,12,6,12,10,10
59,2024,Central Texas Regional,9/28/2024,3,30.00,Prelims,9,"A&M Consolidated H.S., TX",TX,14.700,14.600,14.650,14.800,14.100,14.450,14.800,15.600,30.400,15.000,45.400,74.500,0,74.500,4,AAA,,11,,,,"A&M Consolidated H.S., TX74.5",12,12,12,8,11,10,11,8,9,9,9,11,11
60,2024,Central Texas Regional,9/28/2024,3,30.00,Prelims,15,"Liberty Hill H.S., TX",TX,15.200,16.000,15.600,13.300,14.000,13.650,15.600,14.500,30.100,14.900,45.000,74.250,0.3,73.950,5,AAA,,12,,,,"Liberty Hill H.S., TX73.95",11,8,10,13,12,12,7,12,11,10,11,12,12
61,2024,Central Texas Regional,9/28/2024,3,30.00,Prelims,6,"Shoemaker H.S., TX",TX,14.300,14.200,14.250,13.700,13.100,13.400,13.100,13.800,26.900,13.400,40.300,67.950,0.3,67.650,6,AAA,,13,,,,"Shoemaker H.S., TX67.65",13,14,13,12,15,13,15,15,14,14,13,13,13
62,2024,Central Texas Regional,9/28/2024,3,30.00,Prelims,5,"Veterans Memorial H.S., TX",TX,13.300,14.400,13.850,12.300,12.900,12.600,12.200,13.200,25.400,14.000,39.400,65.850,0,65.850,1,AA,,14,,,,"Veterans Memorial H.S., TX65.85",16,13,14,15,16,15,20,19,20,13,16,14,14
63,2024,Central Texas Regional,9/28/2024,3,30.00,Prelims,4,"Legacy of Educational Excellence H.S., TX",TX,13.500,13.500,13.500,11.900,13.300,12.600,12.300,14.400,26.700,12.800,39.500,65.600,0,65.600,7,AAA,,15,,,,"Legacy of Educational Excellence H.S., TX65.6",15,15,15,17,14,15,19,13,16,15,15,15,15
64,2024,Central Texas Regional,9/28/2024,3,30.00,Prelims,2,"Douglas MacArthur H.S., TX",TX,12.800,12.600,12.700,11.700,12.600,12.150,13.800,14.000,27.800,12.000,39.800,64.650,0,64.650,8,AAA,,16,,,,"Douglas MacArthur H.S., TX64.65",19,18,18,19,17,17,13,14,13,17,14,16,16
65,2024,Central Texas Regional,9/28/2024,3,30.00,Prelims,10,"Long Creek H.S., TX",TX,13.000,12.300,12.650,11.800,12.200,12.000,12.600,13.600,26.200,12.400,38.600,63.250,0,63.250,1,A,,17,,,,"Long Creek H.S., TX63.25",18,19,19,18,19,18,17,16,17,16,17,17,17
66,2024,Central Texas Regional,9/28/2024,3,30.00,Prelims,14,"Chaparral H.S., TX",TX,14.100,12.900,13.500,11.400,12.300,11.850,13.300,13.500,26.800,11.100,37.900,63.250,0,63.250,9,AAA,,18,,,,"Chaparral H.S., TX63.25",14,17,15,20,18,20,14,17,15,19,18,17,17
67,2024,Central Texas Regional,9/28/2024,3,30.00,Prelims,3,"John B. Connally H.S., TX",TX,13.200,12.000,12.600,12.600,13.900,13.250,12.400,13.400,25.800,11.200,37.000,62.850,0,62.850,10,AAA,,19,,,,"John B. Connally H.S., TX62.85",17,20,20,14,13,14,18,18,19,18,19,19,19
68,2024,Central Texas Regional,9/28/2024,3,30.00,Prelims,1,"San Marcos H.S., TX",TX,12.400,13.200,12.800,12.000,11.800,11.900,13.000,13.000,26.000,10.400,36.400,61.100,0,61.100,11,AAA,,20,,,,"San Marcos H.S., TX61.1",21,16,17,16,20,19,16,21,18,21,20,20,20
69,2024,Central Texas Regional,9/28/2024,3,30.00,Prelims,19,"Manor New Tech H.S., TX",TX,12.600,11.700,12.150,10.800,11.400,11.100,11.600,13.100,24.700,10.700,35.400,58.650,0,58.650,2,A,,21,,,,"Manor New Tech H.S., TX58.65",20,21,21,21,21,21,21,20,21,20,21,21,21
70,2024,Iowa Regional,9/28/2024,3,30.00,Prelims,22,"Rosemount H.S., MN",MN,15.000,15.800,15.400,15.800,16.100,15.950,16.000,16.600,32.600,16.200,48.800,80.150,0,80.150,1,AAA,,1,,,,"Rosemount H.S., MN80.15",3,1,2,1,2,1,2,2,2,1,1,1,1
71,2024,Iowa Regional,9/28/2024,3,30.00,Prelims,15,"Lincoln H.S., SD",SD,15.400,15.600,15.500,14.700,16.300,15.500,16.400,16.900,33.300,15.200,48.500,79.500,0.3,79.200,2,AAA,,2,,,,"Lincoln H.S., SD79.2",1,2,1,4,1,2,1,1,1,2,2,2,2
72,2024,Iowa Regional,9/28/2024,3,30.00,Prelims,13,"Bellevue West H.S., NE",NE,14.400,14.700,14.550,14.500,14.900,14.700,15.100,15.700,30.800,14.900,45.700,74.950,0,74.950,1,AA,,3,,,,"Bellevue West H.S., NE74.95",5,4,5,5,7,6,4,4,3,3,3,3,3
73,2024,Iowa Regional,9/28/2024,3,30.00,Prelims,12,"Eastview H.S., MN",MN,14.800,14.600,14.700,15.000,15.000,15.000,15.400,14.700,30.100,14.500,44.600,74.300,0,74.300,3,AAA,,4,,,,"Eastview H.S., MN74.3",4,5,4,3,6,3,3,7,5,5,5,4,4
74,2024,Iowa Regional,9/28/2024,3,30.00,Prelims,5,"Fayetteville H.S., AR",AR,15.200,14.800,15.000,15.300,14.600,14.950,13.800,14.500,28.300,14.800,43.100,73.050,0,73.050,1,AAAA,,5,,,,"Fayetteville H.S., AR73.05",2,3,3,2,8,4,8,8,7,4,6,5,5
75,2024,Iowa Regional,9/28/2024,3,30.00,Prelims,8,"Pella H.S., IA",IA,12.800,14.200,13.500,13.200,15.200,14.200,14.600,15.800,30.400,14.300,44.700,72.400,1.75,70.650,2,AA,,6,,,,"Pella H.S., IA70.65",11,7,9,10,5,7,5,3,4,6,4,6,6
76,2024,Iowa Regional,9/28/2024,3,30.00,Prelims,18,"Millard West H.S., NE",NE,14.200,13.100,13.650,13.900,15.700,14.800,12.900,15.400,28.300,13.300,41.600,70.050,0,70.050,4,AAA,,7,,,,"Millard West H.S., NE70.05",6,11,8,6,3,5,12,5,7,9,8,7,7
77,2024,Iowa Regional,9/28/2024,3,30.00,Prelims,19,"Oakville H.S., MO",MO,11.400,14.000,12.700,12.200,15.500,13.850,14.200,14.900,29.100,13.700,42.800,69.350,0,69.350,5,AAA,,8,,,,"Oakville H.S., MO69.35",17,8,12,16,4,8,7,6,6,7,7,8,8
78,2024,Iowa Regional,9/28/2024,3,30.00,Prelims,9,"MOC-Floyd Valley H.S., IA",IA,14.000,12.800,13.400,13.000,14.200,13.600,13.100,14.100,27.200,12.900,40.100,67.100,0,67.100,1,A,,9,,,,"MOC-Floyd Valley H.S., IA67.1",7,13,10,12,10,10,11,9,9,12,10,9,9
79,2024,Iowa Regional,9/28/2024,3,30.00,Prelims,4,"Rock Bridge H.S., MO",MO,13.200,14.400,13.800,13.100,14.400,13.750,12.300,13.800,26.100,13.000,39.100,66.650,0,66.650,6,AAA,,10,,,,"Rock Bridge H.S., MO66.65",9,6,6,11,9,9,14,10,13,11,13,10,10
80,2024,Iowa Regional,9/28/2024,3,30.00,Prelims,1,"Bellevue East H.S., NE",NE,13.600,13.800,13.700,13.400,13.400,13.400,13.200,12.900,26.100,13.400,39.500,66.600,0,66.600,3,AA,,11,,,,"Bellevue East H.S., NE66.6",8,9,7,8,14,12,10,17,13,8,11,11,11
81,2024,Iowa Regional,9/28/2024,3,30.00,Prelims,16,"Fort Zumwalt West H.S., MO",MO,13.000,13.300,13.150,13.300,12.800,13.050,14.400,12.700,27.100,13.200,40.300,66.500,0,66.500,4,AA,,12,,,,"Fort Zumwalt West H.S., MO66.5",10,10,11,9,18,14,6,18,10,10,9,12,12
82,2024,Iowa Regional,9/28/2024,3,30.00,Prelims,11,"Centennial H.S., IA",IA,12.000,13.000,12.500,12.300,13.200,12.750,13.600,13.000,26.600,12.800,39.400,64.650,0,64.650,7,AAA,,13,,,,"Centennial H.S., IA64.65",14,12,13,15,15,16,9,16,11,13,12,13,13
83,2024,Iowa Regional,9/28/2024,3,30.00,Prelims,20,"Northwest H.S., IA",IA,11.800,11.600,11.700,13.500,13.600,13.550,12.800,13.700,26.500,11.000,37.500,62.750,0,62.750,8,AAA,,14,,,,"Northwest H.S., IA62.75",15,18,16,7,13,11,13,11,12,17,15,14,14
84,2024,Iowa Regional,9/28/2024,3,30.00,Prelims,3,"Neosho H.S., MO",MO,12.400,12.500,12.450,12.100,13.800,12.950,11.400,13.500,24.900,12.100,37.000,62.400,0,62.400,5,AA,,15,,,,"Neosho H.S., MO62.4",12,14,14,17,12,15,20,13,18,15,16,15,15
85,2024,Iowa Regional,9/28/2024,3,30.00,Prelims,21,"Grand Rapids H.S., MN",MN,10.900,12.000,11.450,12.400,13.100,12.750,11.600,13.600,25.200,12.500,37.700,61.900,0,61.900,6,AA,,16,,,,"Grand Rapids H.S., MN61.9",20,16,17,14,16,16,19,12,16,14,14,16,16
86,2024,Iowa Regional,9/28/2024,3,30.00,Prelims,6,"Naperville Central H.S., IL",IL,11.600,12.200,11.900,12.700,14.000,13.350,12.000,13.300,25.300,11.200,36.500,61.750,0,61.750,9,AAA,,17,,,,"Naperville Central H.S., IL61.75",16,15,15,13,11,13,16,15,15,16,17,17,17
87,2024,Iowa Regional,9/28/2024,3,30.00,Prelims,7,"Gretna H.S., NE",NE,10.800,11.900,11.350,12.000,13.000,12.500,11.800,13.400,25.200,10.900,36.100,59.950,0,59.950,7,AA,,18,,,,"Gretna H.S., NE59.95",21,17,18,18,17,18,17,14,16,18,18,18,18
88,2024,Iowa Regional,9/28/2024,3,30.00,Prelims,14,"Muscatine H.S., IA",IA,12.200,10.400,11.300,11.900,11.700,11.800,12.100,12.300,24.400,10.200,34.600,57.700,0,57.700,8,AA,,19,,,,"Muscatine H.S., IA57.7",13,21,19,19,20,19,15,20,19,21,19,19,19
89,2024,Iowa Regional,9/28/2024,3,30.00,Prelims,10,"Geneseo H.S., IL",IL,11.000,11.000,11.000,10.900,12.500,11.700,11.700,12.500,24.200,10.400,34.600,57.300,0,57.300,2,A,,20,,,,"Geneseo H.S., IL57.3",19,20,21,21,19,20,18,19,20,20,19,20,20
90,2024,Iowa Regional,9/28/2024,3,30.00,Prelims,2,"Omaha Burke H.S., NE",NE,11.200,11.400,11.300,11.000,11.100,11.050,10.800,11.100,21.900,10.700,32.600,54.950,0,54.950,9,AA,,21,,,,"Omaha Burke H.S., NE54.95",18,19,19,20,22,22,21,22,22,19,22,21,21
91,2024,Iowa Regional,9/28/2024,3,30.00,Prelims,17,"Cedar Rapids Jefferson H.S., IA",IA,10.700,10.200,10.450,10.700,11.500,11.100,10.700,12.000,22.700,10.100,32.800,54.350,0.3,54.050,10,AA,,22,,,,"Cedar Rapids Jefferson H.S., IA54.05",22,22,22,22,21,21,22,21,21,22,21,22,22
92,2024,North Houston Regional,9/28/2024,3,30.00,Prelims,11,"The Woodlands H.S., TX",TX,16.900,16.000,16.450,16.900,17.100,17.000,16.900,16.700,33.600,16.100,49.700,83.150,0,83.150,1,AAAA,,1,,,,"The Woodlands H.S., TX83.15",1,3,1,1,1,1,1,1,1,1,1,1,1
93,2024,North Houston Regional,9/28/2024,3,30.00,Prelims,24,"Cy-Fair H.S., TX",TX,16.700,16.100,16.400,16.600,16.800,16.700,16.000,16.000,32.000,15.600,47.600,80.700,0,80.700,2,AAAA,,2,,,,"Cy-Fair H.S., TX80.7",2,2,2,3,2,2,3,3,3,3,2,2,2
94,2024,North Houston Regional,9/28/2024,3,30.00,Prelims,22,"College Park H.S., TX",TX,16.600,15.500,16.050,16.700,16.200,16.450,16.100,15.800,31.900,15.700,47.600,80.100,0,80.100,3,AAAA,,3,,,,"College Park H.S., TX80.1",3,8,4,2,3,3,2,4,4,2,2,3,3
95,2024,North Houston Regional,9/28/2024,3,30.00,Prelims,5,"Clear Brook H.S., TX",TX,15.700,15.800,15.750,16.300,15.900,16.100,15.700,16.400,32.100,14.800,46.900,78.750,0.3,78.450,1,AAA,,4,,,,"Clear Brook H.S., TX78.45",7,5,6,5,4,4,5,2,2,11,4,4,4
96,2024,North Houston Regional,9/28/2024,3,30.00,Prelims,17,"Tomball Memorial H.S., TX",TX,16.200,15.900,16.050,16.400,15.200,15.800,15.600,15.200,30.800,15.100,45.900,77.750,0,77.750,4,AAAA,,5,,,,"Tomball Memorial H.S., TX77.75",5,4,4,4,7,5,6,8,6,8,7,5,5
97,2024,North Houston Regional,9/28/2024,3,30.00,Prelims,23,"Stephen F. Austin H.S., TX",TX,15.600,14.900,15.250,16.000,15.400,15.700,15.750,15.500,31.250,15.200,46.450,77.400,0,77.400,5,AAAA,,6,,,,"Stephen F. Austin H.S., TX77.4",8,14,10,7,6,6,4,6,5,7,5,6,6
98,2024,North Houston Regional,9/28/2024,3,30.00,Prelims,18,"Friendswood H.S., TX",TX,16.500,15.700,16.100,16.100,14.800,15.450,14.850,15.000,29.850,15.000,44.850,76.400,0,76.400,2,AAA,,7,,,,"Friendswood H.S., TX76.4",4,6,3,6,11,9,16,10,14,9,10,7,7
99,2024,North Houston Regional,9/28/2024,3,30.00,Prelims,2,"Klein Oak H.S., TX",TX,15.000,15.400,15.200,15.400,15.600,15.500,15.100,15.600,30.700,14.900,45.600,76.300,0,76.300,6,AAAA,,8,,,,"Klein Oak H.S., TX76.3",14,9,12,10,5,7,12,5,7,10,9,8,8
100,2024,North Houston Regional,9/28/2024,3,30.00,Prelims,7,"Cinco Ranch H.S., TX",TX,15.100,16.200,15.650,14.600,14.400,14.500,15.500,15.100,30.600,15.400,46.000,76.150,0,76.150,7,AAAA,,9,,,,"Cinco Ranch H.S., TX76.15",13,1,7,14,15,15,7,9,8,5,6,9,9
101,2024,North Houston Regional,9/28/2024,3,30.00,Prelims,14,"Dawson H.S., TX",TX,16.000,15.200,15.600,15.800,15.000,15.400,15.200,14.800,30.000,14.400,44.400,75.400,0,75.400,8,AAAA,,10,,,,"Dawson H.S., TX75.4",6,11,8,9,9,10,11,12,13,13,12,10,10
102,2024,North Houston Regional,9/28/2024,3,30.00,Prelims,21,"Foster H.S., TX",TX,15.400,15.100,15.250,15.900,15.100,15.500,15.450,14.750,30.200,14.100,44.300,75.050,0,75.050,9,AAAA,,11,,,,"Foster H.S., TX75.05",10,12,10,8,8,7,8,13,10,14,13,11,11
103,2024,North Houston Regional,9/28/2024,3,30.00,Prelims,8,"North Shore Senior H.S., TX",TX,14.100,15.600,14.850,13.700,14.700,14.200,15.300,14.900,30.200,15.500,45.700,74.750,0.2,74.550,10,AAAA,,12,,,,"North Shore Senior H.S., TX74.55",19,7,15,17,12,16,10,11,10,4,8,12,12
104,2024,North Houston Regional,9/28/2024,3,30.00,Prelims,15,"Churchill Fulshear H.S., TX",TX,15.200,15.000,15.100,14.800,14.600,14.700,15.000,14.400,29.400,15.300,44.700,74.500,0,74.500,11,AAAA,,13,,,,"Churchill Fulshear H.S., TX74.5",12,13,13,13,13,12,14,17,15,6,11,13,13
105,2024,North Houston Regional,9/28/2024,3,30.00,Prelims,10,"Obra D. Tompkins H.S., TX",TX,15.500,14.700,15.100,15.100,14.100,14.600,14.900,14.500,29.400,14.500,43.900,73.600,0,73.600,12,AAAA,,14,,,,"Obra D. Tompkins H.S., TX73.6",9,15,13,11,16,14,15,16,15,12,14,14,14
106,2024,North Houston Regional,9/28/2024,3,30.00,Prelims,16,"Jordan H.S., TX",TX,15.300,15.300,15.300,15.000,14.500,14.750,15.400,14.700,30.100,13.300,43.400,73.450,0,73.450,13,AAAA,,15,,,,"Jordan H.S., TX73.45",11,10,9,12,14,11,9,14,12,18,16,15,15
107,2024,North Houston Regional,9/28/2024,3,30.00,Prelims,19,"Wylie East H.S., TX",TX,14.900,14.400,14.650,14.500,14.900,14.700,15.050,15.400,30.450,13.200,43.650,73.000,0.5,72.500,14,AAAA,,16,,,,"Wylie East H.S., TX72.5",15,18,16,15,10,12,13,7,9,19,15,16,16
108,2024,North Houston Regional,9/28/2024,3,30.00,Prelims,20,"Oak Ridge H.S., TX",TX,14.300,14.600,14.450,14.300,13.600,13.950,14.400,14.200,28.600,13.100,41.700,70.100,0,70.100,15,AAAA,,17,,,,"Oak Ridge H.S., TX70.1",18,16,17,16,19,17,17,19,17,20,18,17,17
109,2024,North Houston Regional,9/28/2024,3,30.00,Prelims,3,"Cypress Falls H.S., TX",TX,13.900,14.500,14.200,13.400,13.500,13.450,14.100,13.900,28.000,14.000,42.000,69.650,0,69.650,16,AAAA,,18,,,,"Cypress Falls H.S., TX69.65",20,17,19,19,20,19,19,21,19,15,17,18,18
110,2024,North Houston Regional,9/28/2024,3,30.00,Prelims,12,"Elkins H.S., TX",TX,14.500,14.000,14.250,13.500,13.700,13.600,14.200,14.100,28.300,13.000,41.300,69.150,0,69.150,17,AAAA,,19,,,,"Elkins H.S., TX69.15",16,20,18,18,18,18,18,20,18,21,19,19,19
111,2024,North Houston Regional,9/28/2024,3,30.00,Prelims,9,"College Station H.S., TX",TX,13.800,14.200,14.000,13.000,13.900,13.450,13.200,14.600,27.800,13.400,41.200,68.650,0,68.650,3,AAA,,20,,,,"College Station H.S., TX68.65",21,19,20,20,17,19,20,15,20,17,20,20,20
112,2024,North Houston Regional,9/28/2024,3,30.00,Prelims,4,"Magnolia West H.S., TX",TX,14.400,13.600,14.000,12.800,13.000,12.900,13.000,14.300,27.300,13.500,40.800,67.700,0,67.700,4,AAA,,21,,,,"Magnolia West H.S., TX67.7",17,21,20,21,22,21,21,18,21,16,21,21,21
113,2024,North Houston Regional,9/28/2024,3,30.00,Prelims,6,"Magnolia H.S., TX",TX,12.800,12.900,12.850,12.200,13.200,12.700,12.400,13.700,26.100,12.900,39.000,64.550,0,64.550,5,AAA,,22,,,,"Magnolia H.S., TX64.55",23,22,22,22,21,22,22,22,22,22,22,22,22
114,2024,North Houston Regional,9/28/2024,3,30.00,Prelims,13,"Willis H.S., TX",TX,12.900,12.200,12.550,11.900,12.200,12.050,11.900,12.000,23.900,11.600,35.500,60.100,0,60.100,18,AAAA,,23,,,,"Willis H.S., TX60.1",22,23,23,23,23,23,23,23,23,23,23,23,23
115,2024,North Houston Regional,9/28/2024,3,30.00,Prelims,1,"Freeman H.S., TX",TX,11.100,11.800,11.450,11.500,11.800,11.650,11.400,11.400,22.800,11.000,33.800,56.900,0,56.900,1,A,,24,,,,"Freeman H.S., TX56.9",24,24,24,24,24,24,24,24,24,24,24,24,24
116,2024,West Texas Regional,9/28/2024,3,30.00,Prelims,18,"Braswell H.S., TX",TX,15.600,16.000,15.800,15.800,16.100,15.950,16.900,16.900,33.800,15.900,49.700,81.450,0,81.450,1,AAAA,,1,,,,"Braswell H.S., TX81.45",1,3,1,1,1,1,1,1,1,2,1,1,1
117,2024,West Texas Regional,9/28/2024,3,30.00,Prelims,11,"Richland H.S., TX",TX,14.800,16.300,15.550,15.600,15.800,15.700,16.100,16.300,32.400,16.100,48.500,79.750,0,79.750,1,AAA,,2,,,,"Richland H.S., TX79.75",3,2,3,2,2,2,3,3,3,1,3,2,2
118,2024,West Texas Regional,9/28/2024,3,30.00,Prelims,13,"Permian H.S., TX",TX,14.600,16.600,15.600,15.200,14.800,15.000,16.600,16.700,33.300,15.700,49.000,79.600,0,79.600,2,AAAA,,3,,,,"Permian H.S., TX79.6",5,1,2,3,6,4,2,2,2,3,2,3,3
119,2024,West Texas Regional,9/28/2024,3,30.00,Prelims,12,"W.E. Boswell H.S., TX",TX,15.100,15.200,15.150,14.200,15.300,14.750,15.400,15.500,30.900,15.100,46.000,75.900,0.6,75.300,2,AAA,,4,,,,"W.E. Boswell H.S., TX75.3",2,5,4,7,3,5,4,4,4,5,4,4,4
120,2024,West Texas Regional,9/28/2024,3,30.00,Prelims,7,"Nimitz H.S., TX",TX,14.700,14.600,14.650,14.300,14.900,14.600,14.300,14.900,29.200,14.900,44.100,73.350,0.3,73.050,3,AAA,,5,,,,"Nimitz H.S., TX73.05",4,8,5,6,5,6,8,6,7,6,5,5,5
121,2024,West Texas Regional,9/28/2024,3,30.00,Prelims,9,"Lubbock-Cooper H.S., TX",TX,13.800,15.400,14.600,13.800,14.700,14.250,14.500,15.000,29.500,13.500,43.000,71.850,0,71.850,4,AAA,,6,,,,"Lubbock-Cooper H.S., TX71.85",8,4,6,10,7,7,6,5,6,10,6,6,6
122,2024,West Texas Regional,9/28/2024,3,30.00,Prelims,2,"V. Sue Cleveland H.S., NM",NM,14.400,14.400,14.400,13.500,14.300,13.900,13.400,13.300,26.700,15.200,41.900,70.200,0,70.200,3,AAAA,,7,,,,"V. Sue Cleveland H.S., NM70.2",7,9,7,13,8,9,13,12,12,4,9,7,7
123,2024,West Texas Regional,9/28/2024,3,30.00,Prelims,4,"Del Rio H.S., TX",TX,11.700,14.800,13.250,15.000,13.400,14.200,15.100,14.700,29.800,12.600,42.400,69.850,0,69.850,5,AAA,,8,,,,"Del Rio H.S., TX69.85",11,7,10,4,11,8,5,7,5,15,7,8,8
124,2024,West Texas Regional,9/28/2024,3,30.00,Prelims,10,"Pecos H.S., TX",TX,13.100,15.000,14.050,13.600,13.200,13.400,14.400,13.600,28.000,13.700,41.700,69.150,0,69.150,1,AA,,9,,,,"Pecos H.S., TX69.15",9,6,8,12,12,12,7,10,9,9,10,9,9
125,2024,West Texas Regional,9/28/2024,3,30.00,Prelims,16,"Frenship H.S., TX",TX,14.500,13.400,13.950,14.900,15.200,15.050,13.500,13.200,26.700,13.300,40.000,69.000,0,69.000,4,AAAA,,10,,,,"Frenship H.S., TX69",6,12,9,5,4,3,12,13,12,12,12,10,10
126,2024,West Texas Regional,9/28/2024,3,30.00,Prelims,5,"Midland H.S., TX",TX,11.400,13.800,12.600,13.700,13.800,13.750,14.200,14.100,28.300,14.100,42.400,68.750,0,68.750,5,AAAA,,11,,,,"Midland H.S., TX68.75",13,10,11,11,9,11,9,8,8,7,7,11,11
127,2024,West Texas Regional,9/28/2024,3,30.00,Prelims,6,"Odessa H.S., TX",TX,11.100,13.200,12.150,13.900,12.500,13.200,13.800,13.800,27.600,13.400,41.000,66.350,0,66.350,6,AAAA,,12,,,,"Odessa H.S., TX66.35",15,14,14,9,15,13,11,9,10,11,11,12,12
128,2024,West Texas Regional,9/28/2024,3,30.00,Prelims,14,"Randall H.S., TX",TX,11.000,13.300,12.150,13.200,12.400,12.800,13.900,13.400,27.300,12.400,39.700,64.650,0,64.650,2,AA,,13,,,,"Randall H.S., TX64.65",16,13,14,14,16,14,10,11,11,16,13,13,13
129,2024,West Texas Regional,9/28/2024,3,30.00,Prelims,15,"Riverside H.S., TX",TX,11.300,12.800,12.050,14.100,13.600,13.850,12.700,12.700,25.400,13.200,38.600,64.500,0,64.500,3,AA,,14,,,,"Riverside H.S., TX64.5",14,16,16,8,10,10,15,15,15,13,15,14,14
130,2024,West Texas Regional,9/28/2024,3,30.00,Prelims,8,"Legacy H.S., TX",TX,11.500,13.500,12.500,11.700,12.900,12.300,12.900,12.900,25.800,13.100,38.900,63.700,0,63.700,7,AAAA,,15,,,,"Legacy H.S., TX63.7",12,11,12,17,13,16,14,14,14,14,14,15,15
131,2024,West Texas Regional,9/28/2024,3,30.00,Prelims,1,"Hobbs H.S., NM",NM,11.800,13.100,12.450,12.100,12.800,12.450,12.200,12.400,24.600,13.900,38.500,63.400,0,63.400,8,AAAA,,16,,,,"Hobbs H.S., NM63.4",10,15,13,15,14,15,16,16,16,8,16,16,16
132,2024,West Texas Regional,9/28/2024,3,30.00,Prelims,3,"Lubbock-Cooper Liberty H.S., TX",TX,10.500,12.300,11.400,11.900,11.900,11.900,12.000,12.100,24.100,12.000,36.100,59.400,0,59.400,1,A,,17,,,,"Lubbock-Cooper Liberty H.S., TX59.4",17,17,17,16,17,17,17,17,17,17,17,17,17
133,2024,West Texas Regional,9/28/2024,3,30.00,Prelims,17,"Tulia H.S., TX",TX,10.300,11.300,10.800,11.400,11.800,11.600,11.800,11.900,23.700,11.800,35.500,57.900,0,57.900,2,A,,18,,,,"Tulia H.S., TX57.9",18,18,18,18,18,18,18,18,18,18,18,18,18
134,2024,Austin Regional,9/21/2024,2,25.00,Finals,11,"Vandegrift H.S., TX",TX,17.200,16.300,16.750,17.200,16.600,16.900,16.700,17.000,33.700,17.200,50.900,84.550,0,84.550,,AAAA,,1,,,,"Vandegrift H.S., TX84.55",2,1,1,1,1,1,1,1,1,2,1,1,1
135,2024,Austin Regional,9/21/2024,2,25.00,Finals,7,"Cedar Park H.S., TX",TX,16.800,16.200,16.500,16.700,15.900,16.300,16.300,16.700,33.000,16.700,49.700,82.500,0,82.500,,AAA,,2,,,,"Cedar Park H.S., TX82.5",4,2,3,3,4,2,3,2,2,3,3,2,2
136,2024,Austin Regional,9/21/2024,2,25.00,Finals,12,"Rouse H.S., TX",TX,16.100,15.500,15.800,16.200,16.400,16.300,16.500,16.100,32.600,17.400,50.000,82.100,0.3,81.800,,AAA,,3,,,,"Rouse H.S., TX81.8",6,4,5,5,2,2,2,4,3,1,2,3,3
137,2024,Austin Regional,9/21/2024,2,25.00,Finals,10,"Cedar Ridge H.S., TX",TX,16.900,15.200,16.050,16.300,16.100,16.200,15.900,16.300,32.200,15.900,48.100,80.350,0,80.350,,AAAA,,4,,,,"Cedar Ridge H.S., TX80.35",3,5,4,4,3,4,5,3,4,5,4,4,4
138,2024,Austin Regional,9/21/2024,2,25.00,Finals,9,"Vista Ridge H.S., TX",TX,17.400,16.000,16.700,17.000,15.150,16.075,16.100,15.900,32.000,15.500,47.500,80.275,0,80.275,,AAAA,,5,,,,"Vista Ridge H.S., TX80.275",1,3,2,2,7,5,4,5,5,7,5,5,5
139,2024,Austin Regional,9/21/2024,2,25.00,Finals,8,"Westlake H.S., TX",TX,16.500,15.100,15.800,15.500,15.200,15.350,15.700,14.900,30.600,16.400,47.000,78.150,0,78.150,,AAAA,,6,,,,"Westlake H.S., TX78.15",5,6,5,9,6,7,6,9,6,4,6,6,6
140,2024,Austin Regional,9/21/2024,2,25.00,Finals,4,"Leander H.S., TX",TX,16.000,14.400,15.200,15.600,15.000,15.300,15.300,15.300,30.600,15.700,46.300,76.800,0,76.800,,AAA,,7,,,,"Leander H.S., TX76.8",7,9,8,8,8,8,7,7,6,6,7,7,7
141,2024,Austin Regional,9/21/2024,2,25.00,Finals,2,"Westwood H.S., TX",TX,15.700,15.000,15.350,15.100,14.400,14.750,14.700,15.500,30.200,15.200,45.400,75.500,0,75.500,,AAAA,,8,,,,"Westwood H.S., TX75.5",8,7,7,10,10,10,10,6,8,8,8,8,8
142,2024,Austin Regional,9/21/2024,2,25.00,Finals,1,"Round Rock H.S., TX",TX,15.300,14.700,15.000,15.700,14.800,15.250,14.900,15.100,30.000,14.800,44.800,75.050,0,75.050,,AAAA,,9,,,,"Round Rock H.S., TX75.05",9,8,9,7,9,9,9,8,9,10,9,9,9
143,2024,Austin Regional,9/21/2024,2,25.00,Finals,6,"Lake Travis H.S., TX",TX,15.000,14.100,14.550,15.800,15.700,15.750,15.200,14.400,29.600,15.000,44.600,74.900,0,74.900,,AAAA,,10,,,,"Lake Travis H.S., TX74.9",10,10,10,6,5,6,8,10,10,9,10,10,10
144,2024,Austin Regional,9/21/2024,2,25.00,Finals,5,"Klein Cain H.S., TX",TX,14.600,13.500,14.050,14.000,13.800,13.900,14.500,13.700,28.200,14.400,42.600,70.550,0.1,70.450,,AAAA,,11,,,,"Klein Cain H.S., TX70.45",11,12,11,12,11,11,11,11,11,12,11,11,11
145,2024,Austin Regional,9/21/2024,2,25.00,Finals,3,"Hutto H.S., TX",TX,14.300,13.700,14.000,14.200,13.600,13.900,14.300,13.500,27.800,14.600,42.400,70.300,0.1,70.200,,AAAA,,12,,,,"Hutto H.S., TX70.2",12,11,12,11,12,11,12,12,12,11,12,12,12
146,2024,Central Ohio Regional,9/21/2024,2,25.00,Finals,8,"Kiski Area H.S., PA",PA,16.000,16.000,16.000,15.900,15.800,15.850,16.700,15.200,31.900,16.000,47.900,79.750,0,79.750,,AA,,1,,,,"Kiski Area H.S., PA79.75",1,1,1,2,2,2,1,1,1,2,1,1,1
147,2024,Central Ohio Regional,9/21/2024,2,25.00,Finals,7,"Lakota West H.S., OH",OH,15.900,15.900,15.900,15.800,16.100,15.950,16.200,15.100,31.300,16.100,47.400,79.250,0,79.250,,AAAA,,2,,,,"Lakota West H.S., OH79.25",2,2,2,3,1,1,3,2,2,1,2,2,2
148,2024,Central Ohio Regional,9/21/2024,2,25.00,Finals,10,"Campbell County H.S., KY",KY,15.200,15.200,15.200,14.800,15.000,14.900,16.400,14.900,31.300,15.700,47.000,77.100,0,77.100,,AA,,3,,,,"Campbell County H.S., KY77.1",3,3,3,7,6,6,2,3,2,3,3,3,3
149,2024,Central Ohio Regional,9/21/2024,2,25.00,Finals,11,"Westfield H.S., IN",IN,15.000,15.000,15.000,16.100,15.400,15.750,16.000,14.550,30.550,15.500,46.050,76.800,0,76.800,,AAAA,,4,,,,"Westfield H.S., IN76.8",4,4,4,1,4,3,4,7,4,4,4,4,4
150,2024,Central Ohio Regional,9/21/2024,2,25.00,Finals,12,"Prospect H.S., IL",IL,14.850,14.850,14.850,14.700,15.200,14.950,15.300,14.650,29.950,14.900,44.850,74.650,0,74.650,,AAA,,5,,,,"Prospect H.S., IL74.65",5,5,5,8,5,5,7,5,5,7,6,5,5
151,2024,Central Ohio Regional,9/21/2024,2,25.00,Finals,9,"Centerville H.S., OH",OH,13.800,13.800,13.800,15.200,15.600,15.400,15.600,14.350,29.950,15.200,45.150,74.350,0,74.350,,AAAA,,6,,,,"Centerville H.S., OH74.35",11,11,11,4,3,4,5,10,5,5,5,6,6
152,2024,Central Ohio Regional,9/21/2024,2,25.00,Finals,5,"Kettering Fairmont H.S., OH",OH,14.400,14.400,14.400,14.500,14.500,14.500,15.200,14.700,29.900,14.800,44.700,73.600,0,73.600,,AAA,,7,,,,"Kettering Fairmont H.S., OH73.6",8,8,8,10,8,9,8,4,7,8,7,7,7
153,2024,Central Ohio Regional,9/21/2024,2,25.00,Finals,6,"Anderson County H.S., KY",KY,14.300,14.300,14.300,15.000,14.300,14.650,14.600,14.600,29.200,15.100,44.300,73.250,0,73.250,,AA,,8,,,,"Anderson County H.S., KY73.25",9,9,9,5,9,7,10,6,9,6,9,8,8
154,2024,Central Ohio Regional,9/21/2024,2,25.00,Finals,3,"George Rogers Clark H.S., KY",KY,14.800,14.800,14.800,14.600,14.600,14.600,15.000,14.200,29.200,14.400,43.600,73.000,0,73.000,,AA,,9,,,,"George Rogers Clark H.S., KY73",6,6,6,9,7,8,9,11,9,10,10,9,9
155,2024,Central Ohio Regional,9/21/2024,2,25.00,Finals,4,"Beavercreek H.S., OH",OH,14.100,14.100,14.100,14.200,14.000,14.100,15.400,14.400,29.800,14.600,44.400,72.600,0,72.600,,AAA,,10,,,,"Beavercreek H.S., OH72.6",10,10,10,11,10,11,6,9,8,9,8,10,10
156,2024,Central Ohio Regional,9/21/2024,2,25.00,Finals,2,"Dublin Coffman H.S., OH",OH,14.500,14.500,14.500,14.900,13.400,14.150,14.400,14.500,28.900,13.900,42.800,71.450,0,71.450,,AAA,,12,,,,"Dublin Coffman H.S., OH71.45",7,7,7,6,11,10,11,8,11,11,11,11,11
157,2024,New Mexico Regional,9/21/2024,2,25.00,Finals,7,"Fossil Ridge H.S., CO",CO,15.200,14.900,15.050,15.900,15.100,15.500,14.900,14.600,29.500,15.500,45.000,75.550,0,75.550,,AAA,,1,,,,"Fossil Ridge H.S., CO75.55",1,1,1,1,1,1,2,1,1,1,1,1,1
158,2024,New Mexico Regional,9/21/2024,2,25.00,Finals,11,"Loveland H.S., CO",CO,14.900,14.500,14.700,15.000,14.600,14.800,15.100,14.200,29.300,14.900,44.200,73.700,0,73.700,,AA,,2,,,,"Loveland H.S., CO73.7",2,2,2,3,2,2,1,2,2,2,2,2,2
159,2024,New Mexico Regional,9/21/2024,2,25.00,Finals,8,"Eastlake H.S., TX",TX,14.200,14.200,14.200,14.900,14.500,14.700,14.700,13.800,28.500,14.500,43.000,71.900,0,71.900,,AAAA,,3,,,,"Eastlake H.S., TX71.9",6,3,3,4,3,3,3,3,3,3,3,3,3
160,2024,New Mexico Regional,9/21/2024,2,25.00,Finals,9,"Organ Mountain H.S., NM",NM,14.100,14.000,14.050,15.200,13.900,14.550,13.800,13.100,26.900,14.400,41.300,69.900,0,69.900,,AAA,,4,,,,"Organ Mountain H.S., NM69.9",7,4,5,2,6,4,6,8,6,4,5,4,4
161,2024,New Mexico Regional,9/21/2024,2,25.00,Finals,12,"Centennial H.S., NM",NM,14.300,13.200,13.750,14.200,14.400,14.300,14.200,13.500,27.700,13.800,41.500,69.550,0,69.550,,AA,,5,,,,"Centennial H.S., NM69.55",5,8,6,7,4,6,4,4,4,7,4,5,5
162,2024,New Mexico Regional,9/21/2024,2,25.00,Finals,10,"Pecos H.S., TX",TX,14.500,13.800,14.150,14.500,14.200,14.350,13.900,13.300,27.200,13.700,40.900,69.400,0,69.400,,AA,,6,,,,"Pecos H.S., TX69.4",3,5,4,6,5,5,5,6,5,8,6,6,6
163,2024,New Mexico Regional,9/21/2024,2,25.00,Finals,6,"Andress H.S., TX",TX,13.900,13.600,13.750,14.700,13.300,14.000,13.500,12.900,26.400,14.300,40.700,68.450,0,68.450,,AA,,7,,,,"Andress H.S., TX68.45",8,6,6,5,9,7,8,10,9,5,7,7,7
164,2024,New Mexico Regional,9/21/2024,2,25.00,Finals,5,"Volcano Vista H.S., NM",NM,14.400,13.100,13.750,14.100,13.800,13.950,12.900,13.200,26.100,14.100,40.200,67.900,0,67.900,,AAA,,8,,,,"Volcano Vista H.S., NM67.9",4,9,6,8,7,8,10,7,10,6,8,8,8
165,2024,New Mexico Regional,9/21/2024,2,25.00,Finals,1,"Las Cruces H.S., NM",NM,12.300,13.400,12.850,13.700,12.600,13.150,13.600,13.000,26.600,13.600,40.200,66.200,0,66.200,,AA,,9,,,,"Las Cruces H.S., NM66.2",12,7,10,10,10,10,7,9,7,9,8,9,9
166,2024,New Mexico Regional,9/21/2024,2,25.00,Finals,2,"Del Valle H.S., TX",TX,13.400,12.800,13.100,12.800,12.400,12.600,13.100,13.400,26.500,13.400,39.900,65.600,0,65.600,,AAA,,10,,,,"Del Valle H.S., TX65.6",9,10,9,12,11,12,9,5,8,10,10,10,10
167,2024,New Mexico Regional,9/21/2024,2,25.00,Finals,3,"Bel Air H.S., TX",TX,13.000,12.400,12.700,13.600,13.400,13.500,12.600,12.700,25.300,12.800,38.100,64.300,0,64.300,,AA,,11,,,,"Bel Air H.S., TX64.3",10,11,11,11,8,9,11,11,11,12,11,11,11
168,2024,New Mexico Regional,9/21/2024,2,25.00,Finals,4,"Americas H.S., TX",TX,12.500,12.100,12.300,14.000,11.800,12.900,12.300,12.500,24.800,13.100,37.900,63.100,0,63.100,,AAA,,12,,,,"Americas H.S., TX63.1",11,12,12,9,12,11,12,12,12,11,12,12,12
169,2024,Austin Regional,9/21/2024,2,20.00,Prelims,8,"Vandegrift H.S., TX",TX,16.900,16.600,16.750,16.900,17.000,16.950,16.800,16.400,33.200,17.000,50.200,83.900,0,83.900,1,AAAA,,1,,,,"Vandegrift H.S., TX83.9",1,1,1,1,1,1,1,4,1,1,1,1,1
170,2024,Austin Regional,9/21/2024,2,20.00,Prelims,4,"Cedar Park H.S., TX",TX,16.600,16.100,16.350,16.000,16.400,16.200,16.500,16.700,33.200,16.500,49.700,82.250,0,82.250,1,AAA,,2,,,,"Cedar Park H.S., TX82.25",2,2,2,4,4,3,2,2,1,3,2,2,2
171,2024,Austin Regional,9/21/2024,2,20.00,Prelims,1,"Rouse H.S., TX",TX,15.400,14.700,15.050,14.900,16.800,15.850,16.000,15.900,31.900,16.300,48.200,79.100,0,79.100,2,AAA,,3,,,,"Rouse H.S., TX79.1",7,8,7,9,2,7,3,6,4,4,3,3,3
172,2024,Austin Regional,9/21/2024,2,20.00,Prelims,6,"Cedar Ridge H.S., TX",TX,14.900,14.900,14.900,16.300,15.700,16.000,15.700,16.100,31.800,16.100,47.900,78.800,0,78.800,2,AAAA,,4,,,,"Cedar Ridge H.S., TX78.8",10,6,9,3,6,6,4,5,5,5,4,5,4
173,2024,Austin Regional,9/21/2024,2,20.00,Prelims,3,"Vista Ridge H.S., TX",TX,16.200,15.600,15.900,15.800,14.800,15.300,15.500,15.500,31.000,16.700,47.700,78.900,0.3,78.600,3,AAAA,,5,,,,"Vista Ridge H.S., TX78.6",3,4,3,7,9,8,5,8,7,2,5,4,5
174,2024,Austin Regional,9/21/2024,2,20.00,Prelims,13,"Westlake H.S., TX",TX,14.500,15.700,15.100,16.000,16.600,16.300,14.800,17.000,31.800,15.300,47.100,78.500,0,78.500,4,AAAA,,6,,,,"Westlake H.S., TX78.5",11,3,6,4,3,2,9,1,5,9,6,6,6
175,2024,Austin Regional,9/21/2024,2,20.00,Prelims,15,"Westwood H.S., TX",TX,15.300,14.500,14.900,16.700,15.600,16.150,15.400,16.600,32.000,15.100,47.100,78.150,0,78.150,5,AAAA,,7,,,,"Westwood H.S., TX78.15",8,9,9,2,7,4,6,3,3,10,6,7,7
176,2024,Austin Regional,9/21/2024,2,20.00,Prelims,11,"Leander H.S., TX",TX,15.600,14.800,15.200,15.900,16.300,16.100,15.200,15.700,30.900,15.500,46.400,77.700,0,77.700,3,AAA,,8,,,,"Leander H.S., TX77.7",6,7,5,6,5,5,7,7,8,8,8,8,8
177,2024,Austin Regional,9/21/2024,2,20.00,Prelims,5,"Round Rock H.S., TX",TX,15.800,15.200,15.500,14.700,14.300,14.500,15.000,15.200,30.200,15.900,46.100,76.100,0.3,75.800,6,AAAA,,9,,,,"Round Rock H.S., TX75.8",5,5,4,10,11,11,8,9,9,6,9,9,9
178,2024,Austin Regional,9/21/2024,2,20.00,Prelims,10,"Lake Travis H.S., TX",TX,15.100,13.400,14.250,14.100,15.000,14.550,14.300,14.200,28.500,15.700,44.200,73.000,0,73.000,7,AAAA,,10,,,,"Lake Travis H.S., TX73",9,12,11,11,8,10,10,10,10,7,10,10,10
179,2024,Austin Regional,9/21/2024,2,20.00,Prelims,14,"Klein Cain H.S., TX",TX,16.000,14.000,15.000,15.500,14.500,15.000,13.500,13.800,27.300,13.600,40.900,70.900,0,70.900,8,AAAA,,11,,,,"Klein Cain H.S., TX70.9",4,10,8,8,10,9,13,12,12,12,12,11,11
180,2024,Austin Regional,9/21/2024,2,20.00,Prelims,2,"Hutto H.S., TX",TX,14.100,12.600,13.350,13.100,14.000,13.550,13.900,13.900,27.800,13.800,41.600,68.500,0.3,68.200,9,AAAA,,12,,,,"Hutto H.S., TX68.2",13,14,13,14,12,13,11,11,11,11,11,12,12
181,2024,Austin Regional,9/21/2024,2,20.00,Prelims,9,"McCallum H.S., TX",TX,14.300,13.600,13.950,13.900,13.600,13.750,13.700,13.600,27.300,13.000,40.300,68.000,0,68.000,4,AAA,,13,,,,"McCallum H.S., TX68",12,11,12,12,13,12,12,13,12,14,13,13,13
182,2024,Austin Regional,9/21/2024,2,20.00,Prelims,7,"Liberty Hill H.S., TX",TX,13.600,13.000,13.300,12.900,13.300,13.100,13.400,13.400,26.800,13.400,40.200,66.600,0.3,66.300,5,AAA,,14,,,,"Liberty Hill H.S., TX66.3",14,13,14,15,15,15,14,14,14,13,14,14,14
183,2024,Austin Regional,9/21/2024,2,20.00,Prelims,12,"Gatesville H.S., TX",TX,13.400,12.200,12.800,13.300,13.400,13.350,12.900,13.000,25.900,12.000,37.900,64.050,0,64.050,1,A,,15,,,,"Gatesville H.S., TX64.05",15,15,15,13,14,14,15,15,15,15,15,15,15
184,2024,Central Ohio Regional,9/21/2024,2,20.00,Prelims,27,"Lakota West H.S., OH",OH,16.250,15.100,15.675,15.200,15.900,15.550,15.900,15.900,31.800,15.900,47.700,78.925,0,78.925,1,AAAA,,1,,,,"Lakota West H.S., OH78.925",2,1,2,3,1,2,1,1,1,2,1,1,1
185,2024,Central Ohio Regional,9/21/2024,2,20.00,Prelims,10,"Kiski Area H.S., PA",PA,16.400,15.000,15.700,15.800,15.500,15.650,15.700,15.700,31.400,16.000,47.400,78.750,0,78.750,1,AA,,2,,,,"Kiski Area H.S., PA78.75",1,2,1,1,2,1,2,2,2,1,2,2,2
186,2024,Central Ohio Regional,9/21/2024,2,20.00,Prelims,6,"Campbell County H.S., KY",KY,15.500,14.600,15.050,14.900,15.200,15.050,15.000,15.000,30.000,15.000,45.000,75.100,0,75.100,2,AA,,3,,,,"Campbell County H.S., KY75.1",7,3,5,6,3,4,3,3,3,8,3,3,3
187,2024,Central Ohio Regional,9/21/2024,2,20.00,Prelims,20,"Prospect H.S., IL",IL,15.800,14.200,15.000,15.000,14.400,14.700,14.750,14.750,29.500,14.900,44.400,74.100,0,74.100,1,AAA,,4,,,,"Prospect H.S., IL74.1",5,7,6,5,9,7,4,4,4,9,4,4,4
188,2024,Central Ohio Regional,9/21/2024,2,20.00,Prelims,7,"Westfield H.S., IN",IN,15.000,14.300,14.650,15.300,14.900,15.100,14.200,14.200,28.400,15.800,44.200,73.950,0,73.950,2,AAAA,,5,,,,"Westfield H.S., IN73.95",9,5,7,2,5,3,7,7,7,3,5,5,5
189,2024,Central Ohio Regional,9/21/2024,2,20.00,Prelims,13,"Centerville H.S., OH",OH,16.000,14.400,15.200,15.100,14.600,14.850,13.700,13.700,27.400,15.200,42.600,72.650,0,72.650,3,AAAA,,6,,,,"Centerville H.S., OH72.65",4,4,3,4,7,6,10,10,10,6,9,6,6
190,2024,Central Ohio Regional,9/21/2024,2,20.00,Prelims,23,"Beavercreek H.S., OH",OH,16.100,14.100,15.100,14.600,14.500,14.550,13.800,13.800,27.600,15.300,42.900,72.550,0,72.550,2,AAA,,7,,,,"Beavercreek H.S., OH72.55",3,8,4,10,8,9,9,9,9,5,8,7,7
191,2024,Central Ohio Regional,9/21/2024,2,20.00,Prelims,21,"Kettering Fairmont H.S., OH",OH,15.100,13.600,14.350,14.500,14.700,14.600,14.400,14.400,28.800,14.200,43.000,71.950,0,71.950,3,AAA,,8,,,,"Kettering Fairmont H.S., OH71.95",8,12,9,11,6,8,6,6,6,16,7,8,8
192,2024,Central Ohio Regional,9/21/2024,2,20.00,Prelims,12,"Thomas Worthington H.S., OH",OH,14.500,14.000,14.250,13.300,13.700,13.500,14.600,14.600,29.200,14.800,44.000,71.750,0,71.750,3,AA,,9,,,,"Thomas Worthington H.S., OH71.75",14,9,10,23,13,18,5,5,5,10,6,9,9
193,2024,Central Ohio Regional,9/21/2024,2,20.00,Prelims,16,"George Rogers Clark H.S., KY",KY,14.900,13.400,14.150,13.800,14.300,14.050,13.600,13.600,27.200,15.100,42.300,70.500,0,70.500,4,AA,,10,,,,"George Rogers Clark H.S., KY70.5",10,13,12,18,10,11,11,11,11,7,10,10,10
194,2024,Central Ohio Regional,9/21/2024,2,20.00,Prelims,25,"Dublin Coffman H.S., OH",OH,14.250,14.250,14.250,14.400,13.200,13.800,14.000,14.000,28.000,14.300,42.300,70.350,0,70.350,4,AAA,,11,,,,"Dublin Coffman H.S., OH70.35",18,6,10,12,16,13,8,8,8,15,10,11,11
195,2024,Central Ohio Regional,9/21/2024,2,20.00,Prelims,8,"Anderson County H.S., KY",KY,14.100,13.900,14.000,14.800,14.100,14.450,13.400,13.400,26.800,14.700,41.500,69.950,0,69.950,5,AA,,12,,,,"Anderson County H.S., KY69.95",20,10,13,7,11,10,13,13,13,11,12,12,12
196,2024,Central Ohio Regional,9/21/2024,2,20.00,Prelims,3,"Brunswick H.S., OH",OH,14.300,13.700,14.000,13.700,13.900,13.800,13.500,13.500,27.000,14.000,41.000,68.800,0,68.800,5,AAA,,13,,,,"Brunswick H.S., OH68.8",17,11,13,20,12,13,12,12,12,18,13,13,13
197,2024,Central Ohio Regional,9/21/2024,2,20.00,Prelims,26,"Lindbergh H.S., MO",MO,15.700,13.200,14.450,14.650,15.100,14.875,11.800,11.800,23.600,15.400,39.000,68.325,0,68.325,6,AAA,,14,,,,"Lindbergh H.S., MO68.325",6,15,8,9,4,5,25,25,25,4,18,14,14
198,2024,Central Ohio Regional,9/21/2024,2,20.00,Prelims,14,"Bellbrook H.S., OH",OH,13.900,12.600,13.250,14.000,13.600,13.800,13.100,13.100,26.200,14.400,40.600,67.650,0,67.650,6,AA,,15,,,,"Bellbrook H.S., OH67.65",22,18,19,16,14,13,14,14,14,14,14,15,15
199,2024,Central Ohio Regional,9/21/2024,2,20.00,Prelims,15,"Dixie Heights H.S., KY",KY,14.450,12.800,13.625,14.300,13.000,13.650,12.650,12.650,25.300,14.600,39.900,67.175,0.3,66.875,7,AA,,16,,,,"Dixie Heights H.S., KY66.875",15,16,15,13,18,17,18,18,18,12,15,16,16
200,2024,Central Ohio Regional,9/21/2024,2,20.00,Prelims,5,"Norton H.S., OH",OH,14.700,12.000,13.350,14.200,13.400,13.800,12.700,12.700,25.400,13.600,39.000,66.150,0,66.150,2,A,,18,,,,"Norton H.S., OH66.15",12,24,17,14,15,13,17,17,17,19,18,17,17
201,2024,Central Ohio Regional,9/21/2024,2,20.00,Prelims,18,"LaRue County H.S., KY",KY,14.800,12.300,13.550,14.100,12.900,13.500,12.300,12.300,24.600,14.500,39.100,66.150,0,66.150,1,A,,17,,,,"LaRue County H.S., KY66.15",11,20,16,15,19,18,21,21,21,13,17,17,17
202,2024,Central Ohio Regional,9/21/2024,2,20.00,Prelims,28,"Hilliard Bradley H.S., OH",OH,14.350,12.250,13.300,13.750,12.700,13.225,12.750,12.750,25.500,14.100,39.600,66.125,0,66.125,7,AAA,,19,,,,"Hilliard Bradley H.S., OH66.125",16,21,18,19,20,20,16,16,16,17,16,19,19
203,2024,Central Ohio Regional,9/21/2024,2,20.00,Prelims,17,"Nordonia H.S., OH",OH,14.200,12.200,13.200,13.200,12.600,12.900,12.600,12.600,25.200,12.800,38.000,64.100,0,64.100,8,AA,,20,,,,"Nordonia H.S., OH64.1",19,22,21,24,21,23,19,19,19,22,20,20,20
204,2024,Central Ohio Regional,9/21/2024,2,20.00,Prelims,22,"St. Clairsville H.S., OH",OH,14.600,11.800,13.200,14.700,13.100,13.900,11.600,11.600,23.200,13.400,36.600,63.700,0,63.700,3,A,,21,,,,"St. Clairsville H.S., OH63.7",13,26,21,8,17,12,26,26,26,20,24,21,21
205,2024,Central Ohio Regional,9/21/2024,2,20.00,Prelims,2,"Crestwood H.S., OH",OH,13.200,13.300,13.250,12.300,12.300,12.300,12.800,12.800,25.600,12.400,38.000,63.550,0,63.550,4,A,,22,,,,"Crestwood H.S., OH63.55",25,14,19,27,24,26,15,15,15,24,20,22,22
206,2024,Central Ohio Regional,9/21/2024,2,20.00,Prelims,24,"Oak Hills H.S., OH",OH,14.000,11.900,12.950,13.600,12.500,13.050,12.100,12.100,24.200,13.000,37.200,63.200,0,63.200,8,AAA,,23,,,,"Oak Hills H.S., OH63.2",21,25,24,21,22,22,23,23,23,21,23,23,23
207,2024,Central Ohio Regional,9/21/2024,2,20.00,Prelims,9,"Archbishop Carroll H.S., OH",OH,13.600,12.700,13.150,13.400,11.600,12.500,12.500,12.500,25.000,12.300,37.300,62.950,0,62.950,5,A,,24,,,,"Archbishop Carroll H.S., OH62.95",24,17,23,22,26,24,20,20,20,25,22,24,24
208,2024,Central Ohio Regional,9/21/2024,2,20.00,Prelims,19,"Westerville North H.S., OH",OH,13.800,12.100,12.950,13.900,12.400,13.150,12.250,12.250,24.500,12.100,36.600,62.700,0,62.700,9,AA,,25,,,,"Westerville North H.S., OH62.7",23,23,24,17,23,21,22,22,22,26,24,25,25
209,2024,Central Ohio Regional,9/21/2024,2,20.00,Prelims,4,"Warren Local H.S., OH",OH,13.000,12.400,12.700,12.900,11.400,12.150,12.000,12.000,24.000,11.500,35.500,60.350,0,60.350,6,A,,26,,,,"Warren Local H.S., OH60.35",26,19,26,26,27,27,24,24,24,27,26,26,26
210,2024,Central Ohio Regional,9/21/2024,2,20.00,Prelims,11,"Dublin Scioto H.S., OH",OH,12.900,11.300,12.100,13.000,11.900,12.450,11.400,11.400,22.800,12.700,35.500,60.050,0,60.050,10,AA,,27,,,,"Dublin Scioto H.S., OH60.05",27,27,27,25,25,25,27,27,27,23,26,27,27
211,2024,Central Ohio Regional,9/21/2024,2,20.00,Prelims,1,"Dayton Christian H.S., OH",OH,11.900,11.000,11.450,11.000,10.600,10.800,11.000,11.000,22.000,10.600,32.600,54.850,0,54.850,7,A,,28,,,,"Dayton Christian H.S., OH54.85",28,28,28,28,28,28,28,28,28,28,28,28,28
212,2024,New Mexico Regional,9/21/2024,2,20.00,Prelims,17,"Fossil Ridge H.S., CO",CO,15.200,15.500,15.350,14.400,15.600,15.000,14.900,14.600,29.500,16.200,45.700,76.050,0,76.050,1,AAA,,1,,,,"Fossil Ridge H.S., CO76.05",1,1,1,3,1,1,1,1,1,1,1,1,1
213,2024,New Mexico Regional,9/21/2024,2,20.00,Prelims,11,"Loveland H.S., CO",CO,14.900,14.200,14.550,14.700,14.800,14.750,14.700,14.500,29.200,15.200,44.400,73.700,0,73.700,1,AA,,2,,,,"Loveland H.S., CO73.7",2,3,2,2,2,2,3,2,2,3,2,2,2
214,2024,New Mexico Regional,9/21/2024,2,20.00,Prelims,16,"Organ Mountain H.S., NM",NM,13.700,14.400,14.050,14.300,14.600,14.450,14.300,14.000,28.300,15.700,44.000,72.500,0,72.500,2,AAA,,3,,,,"Organ Mountain H.S., NM72.5",7,2,3,4,3,4,6,4,4,2,3,3,3
215,2024,New Mexico Regional,9/21/2024,2,20.00,Prelims,6,"Eastlake H.S., TX",TX,14.700,13.400,14.050,15.100,14.000,14.550,14.000,14.200,28.200,14.600,42.800,71.400,0,71.400,1,AAAA,,4,,,,"Eastlake H.S., TX71.4",3,6,3,1,6,3,9,3,5,6,4,4,4
216,2024,New Mexico Regional,9/21/2024,2,20.00,Prelims,14,"Pecos H.S., TX",TX,14.000,13.000,13.500,13.900,13.700,13.800,14.800,13.600,28.400,14.200,42.600,69.900,0,69.900,2,AA,,5,,,,"Pecos H.S., TX69.9",4,9,7,6,7,6,2,5,3,8,5,5,5
217,2024,New Mexico Regional,9/21/2024,2,20.00,Prelims,4,"Andress H.S., TX",TX,13.300,13.100,13.200,14.000,14.500,14.250,14.100,13.400,27.500,14.000,41.500,68.950,0,68.950,4,AA,,7,,,,"Andress H.S., TX68.95",10,8,9,5,4,5,8,6,6,9,8,6,6
218,2024,New Mexico Regional,9/21/2024,2,20.00,Prelims,18,"Centennial H.S., NM",NM,13.900,13.800,13.850,13.500,13.300,13.400,14.500,12.700,27.200,14.500,41.700,68.950,0,68.950,3,AA,,6,,,,"Centennial H.S., NM68.95",5,4,5,8,10,9,4,10,8,7,7,6,6
219,2024,New Mexico Regional,9/21/2024,2,20.00,Prelims,12,"Las Cruces H.S., NM",NM,13.600,13.600,13.600,12.400,13.400,12.900,14.200,13.100,27.300,15.000,42.300,68.800,0,68.800,5,AA,,8,,,,"Las Cruces H.S., NM68.8",8,5,6,13,9,11,7,7,7,4,6,8,8
220,2024,New Mexico Regional,9/21/2024,2,20.00,Prelims,9,"Volcano Vista H.S., NM",NM,13.800,12.700,13.250,12.600,14.300,13.450,13.800,13.000,26.800,14.700,41.500,68.200,0.3,67.900,3,AAA,,9,,,,"Volcano Vista H.S., NM67.9",6,11,8,12,5,8,10,8,10,5,8,9,9
221,2024,New Mexico Regional,9/21/2024,2,20.00,Prelims,10,"Del Valle H.S., TX",TX,12.600,12.900,12.750,13.700,13.500,13.600,14.400,12.600,27.000,13.600,40.600,66.950,0,66.950,4,AAA,,10,,,,"Del Valle H.S., TX66.95",13,10,11,7,8,7,5,11,9,10,10,10,10
222,2024,New Mexico Regional,9/21/2024,2,20.00,Prelims,15,"Americas H.S., TX",TX,12.400,12.300,12.350,13.100,13.000,13.050,13.700,12.500,26.200,13.400,39.600,65.000,0,65.000,5,AAA,,11,,,,"Americas H.S., TX65",15,13,14,10,12,10,11,12,11,11,11,11,11
223,2024,New Mexico Regional,9/21/2024,2,20.00,Prelims,7,"Bel Air H.S., TX",TX,12.800,12.500,12.650,12.200,12.800,12.500,13.600,12.000,25.600,13.100,38.700,63.850,0,63.850,6,AA,,12,,,,"Bel Air H.S., TX63.85",12,12,12,14,13,14,12,16,13,13,12,12,12
224,2024,New Mexico Regional,9/21/2024,2,20.00,Prelims,2,"Mayfield H.S., NM",NM,13.100,13.200,13.150,11.200,13.200,12.200,13.000,12.800,25.800,12.300,38.100,63.450,0,63.450,7,AA,,13,,,,"Mayfield H.S., NM63.45",11,7,10,16,11,15,13,9,12,15,13,13,13
225,2024,New Mexico Regional,9/21/2024,2,20.00,Prelims,5,"Los Alamos H.S., NM",NM,13.500,11.800,12.650,11.800,12.000,11.900,12.500,12.300,24.800,12.700,37.500,62.050,0.3,61.750,8,AA,,14,,,,"Los Alamos H.S., NM61.75",9,15,12,15,16,16,15,13,14,14,14,14,14
226,2024,New Mexico Regional,9/21/2024,2,20.00,Prelims,3,"Alamogordo H.S., NM",NM,11.600,11.600,11.600,13.300,12.400,12.850,11.900,12.100,24.000,13.200,37.200,61.650,0,61.650,9,AA,,15,,,,"Alamogordo H.S., NM61.65",16,16,16,9,14,12,16,15,16,12,15,15,15
227,2024,New Mexico Regional,9/21/2024,2,20.00,Prelims,13,"Cienega H.S., AZ",AZ,12.500,11.400,11.950,12.900,12.200,12.550,11.400,12.200,23.600,11.500,35.100,59.600,0,59.600,6,AAA,,16,,,,"Cienega H.S., AZ59.6",14,17,15,11,15,13,17,14,17,16,17,16,16
228,2024,New Mexico Regional,9/21/2024,2,20.00,Prelims,8,"Valencia H.S., NM",NM,11.100,12.100,11.600,11.100,11.200,11.150,12.700,11.800,24.500,11.300,35.800,58.550,0,58.550,10,AA,,17,,,,"Valencia H.S., NM58.55",17,14,16,17,17,17,14,17,15,17,16,17,17
229,2024,New Mexico Regional,9/21/2024,2,20.00,Prelims,1,"Thatcher H.S., AZ",AZ,10.200,10.500,10.350,10.200,10.300,10.250,10.400,10.200,20.600,10.600,31.200,51.800,0,51.800,1,A,,18,,,,"Thatcher H.S., AZ51.8",18,18,18,18,18,18,18,18,18,18,18,18,18
230,2024,South Texas Regional,9/21/2024,2,20.00,Prelims,25,"Roma H.S., TX",TX,16.200,15.300,15.750,16.100,15.900,16.000,15.100,14.900,30.000,15.200,45.200,76.950,0,76.950,1,AA,,1,,,,"Roma H.S., TX76.95",1,1,1,1,1,1,1,2,1,3,2,1,1
231,2024,South Texas Regional,9/21/2024,2,20.00,Prelims,15,"John B. Alexander H.S., TX",TX,14.500,14.800,14.650,13.600,15.600,14.600,14.800,15.200,30.000,15.900,45.900,75.150,0,75.150,1,AAAA,,2,,,,"John B. Alexander H.S., TX75.15",7,3,5,10,2,4,2,1,1,1,1,2,2
232,2024,South Texas Regional,9/21/2024,2,20.00,Prelims,20,"Trinity H.S., TX",TX,13.300,14.500,13.900,13.500,14.700,14.100,13.900,14.750,28.650,15.600,44.250,72.250,0,72.250,2,AAAA,,3,,,,"Trinity H.S., TX72.25",17,6,12,11,5,8,8,3,4,2,3,3,3
233,2024,South Texas Regional,9/21/2024,2,20.00,Prelims,3,"Edinburg H.S., TX",TX,14.600,14.100,14.350,15.000,15.000,15.000,14.500,14.000,28.500,13.600,42.100,71.450,0,71.450,1,AAA,,4,,,,"Edinburg H.S., TX71.45",6,9,7,4,4,3,3,6,5,13,6,4,4
234,2024,South Texas Regional,9/21/2024,2,20.00,Prelims,18,"Sonia Sotomayor H.S., TX",TX,13.700,14.400,14.050,13.200,14.200,13.700,14.300,14.400,28.700,14.800,43.500,71.250,0,71.250,3,AAAA,,5,,,,"Sonia Sotomayor H.S., TX71.25",13,7,10,14,10,11,5,4,3,6,4,5,5
235,2024,South Texas Regional,9/21/2024,2,20.00,Prelims,21,"Pioneer H.S., TX",TX,15.800,14.000,14.900,12.700,14.100,13.400,13.100,14.100,27.200,15.000,42.200,70.500,0,70.500,2,AA,,6,,,,"Pioneer H.S., TX70.5",2,10,2,19,11,15,12,5,9,5,5,6,6
236,2024,South Texas Regional,9/21/2024,2,20.00,Prelims,22,"Del Rio H.S., TX",TX,14.000,14.700,14.350,12.500,14.500,13.500,14.400,13.500,27.900,14.000,41.900,69.750,0,69.750,2,AAA,,7,,,,"Del Rio H.S., TX69.75",11,4,7,20,7,14,4,10,6,9,7,8,7
237,2024,South Texas Regional,9/21/2024,2,20.00,Prelims,7,"Edinburg North H.S., TX",TX,14.900,14.600,14.750,15.700,15.200,15.450,14.000,13.300,27.300,12.700,40.000,70.200,0.6,69.600,3,AAA,,8,,,,"Edinburg North H.S., TX69.6",5,5,3,2,3,2,7,11,8,20,13,7,8
238,2024,South Texas Regional,9/21/2024,2,20.00,Prelims,13,"United H.S., TX",TX,13.200,13.600,13.400,14.400,14.600,14.500,14.200,13.600,27.800,13.800,41.600,69.500,0.5,69.000,4,AAAA,,9,,,,"United H.S., TX69",18,14,16,5,6,5,6,9,7,11,9,9,9
239,2024,South Texas Regional,9/21/2024,2,20.00,Prelims,12,"Robert Vela H.S., TX",TX,13.600,12.500,13.050,12.400,14.000,13.200,12.800,13.800,26.600,15.100,41.700,67.950,0,67.950,4,AAA,,10,,,,"Robert Vela H.S., TX67.95",14,21,19,21,12,18,14,8,11,4,8,10,10
240,2024,South Texas Regional,9/21/2024,2,20.00,Prelims,5,"Medina Valley H.S., TX",TX,13.500,14.250,13.875,13.000,13.500,13.250,13.000,13.900,26.900,13.700,40.600,67.725,0,67.725,5,AAA,,11,,,,"Medina Valley H.S., TX67.725",15,8,13,16,16,17,13,7,10,12,10,11,11
241,2024,South Texas Regional,9/21/2024,2,20.00,Prelims,6,"PSJA Early College H.S., TX",TX,13.800,13.100,13.450,14.100,14.300,14.200,12.500,13.050,25.550,14.500,40.050,67.700,0,67.700,6,AAA,,12,,,,"PSJA Early College H.S., TX67.7",12,18,15,7,9,7,17,13,16,8,12,12,12
242,2024,South Texas Regional,9/21/2024,2,20.00,Prelims,11,"Sharyland H.S., TX",TX,15.000,13.900,14.450,12.800,13.900,13.350,13.700,12.750,26.450,13.400,39.850,67.650,0,67.650,3,AA,,13,,,,"Sharyland H.S., TX67.65",4,11,6,18,13,16,9,17,12,15,14,13,13
243,2024,South Texas Regional,9/21/2024,2,20.00,Prelims,23,"Hidalgo Early College H.S., TX",TX,14.100,13.200,13.650,13.800,13.300,13.550,12.700,13.200,25.900,14.550,40.450,67.650,0.3,67.350,4,AA,,14,,,,"Hidalgo Early College H.S., TX67.35",10,17,14,9,17,12,15,12,13,7,11,13,14
244,2024,South Texas Regional,9/21/2024,2,20.00,Prelims,19,"Valley View H.S., TX",TX,12.800,13.800,13.300,14.300,14.400,14.350,12.600,13.000,25.600,13.500,39.100,66.750,0,66.750,5,AA,,15,,,,"Valley View H.S., TX66.75",22,12,18,6,8,6,16,14,15,14,15,15,15
245,2024,South Texas Regional,9/21/2024,2,20.00,Prelims,2,"Los Fresnos H.S., TX",TX,13.400,13.300,13.350,15.300,12.800,14.050,13.400,12.400,25.800,12.600,38.400,65.800,0,65.800,5,AAAA,,16,,,,"Los Fresnos H.S., TX65.8",16,16,17,3,19,9,10,20,14,21,17,16,16
246,2024,South Texas Regional,9/21/2024,2,20.00,Prelims,10,"Rio Grande City H.S., TX",TX,14.400,15.000,14.700,12.200,13.200,12.700,13.200,12.100,25.300,12.800,38.100,65.500,0,65.500,6,AA,,17,,,,"Rio Grande City H.S., TX65.5",8,2,4,23,18,20,11,21,17,19,19,17,17
247,2024,South Texas Regional,9/21/2024,2,20.00,Prelims,4,"Simon Rivera Early College H.S., TX",TX,12.400,12.700,12.550,14.000,13.600,13.800,12.000,12.800,24.800,13.900,38.700,65.050,0,65.050,7,AAA,,18,,,,"Simon Rivera Early College H.S., TX65.05",24,20,21,8,15,10,20,16,19,10,16,18,18
248,2024,South Texas Regional,9/21/2024,2,20.00,Prelims,24,"McAllen Memorial H.S., TX",TX,13.100,13.000,13.050,13.300,13.800,13.550,12.200,12.900,25.100,13.300,38.400,65.000,0,65.000,8,AAA,,19,,,,"McAllen Memorial H.S., TX65",19,19,19,13,14,12,19,15,18,16,17,19,19
249,2024,South Texas Regional,9/21/2024,2,20.00,Prelims,8,"McAllen H.S., TX",TX,15.200,13.500,14.350,13.400,12.600,13.000,11.600,12.650,24.250,13.100,37.350,64.700,0,64.700,9,AAA,,20,,,,"McAllen H.S., TX64.7",3,15,7,12,20,19,21,18,20,18,21,20,20
250,2024,South Texas Regional,9/21/2024,2,20.00,Prelims,1,"Gladys Porter Early College H.S., TX",TX,14.200,13.700,13.950,12.900,12.500,12.700,12.300,11.900,24.200,13.200,37.400,64.050,0,64.050,7,AA,,21,,,,"Gladys Porter Early College H.S., TX64.05",9,13,11,17,21,20,18,22,21,17,20,21,21
251,2024,South Texas Regional,9/21/2024,2,20.00,Prelims,16,"Port Isabel H.S., TX",TX,11.400,11.800,11.600,13.100,11.800,12.450,11.000,12.500,23.500,12.000,35.500,59.550,0.3,59.250,1,A,,22,,,,"Port Isabel H.S., TX59.25",25,23,25,15,23,22,23,19,22,24,22,22,22
252,2024,South Texas Regional,9/21/2024,2,20.00,Prelims,17,"Santa Rosa H.S., TX",TX,12.900,12.100,12.500,11.600,12.400,12.000,10.700,11.250,21.950,12.200,34.150,58.650,0,58.650,2,A,,23,,,,"Santa Rosa H.S., TX58.65",21,22,22,25,22,23,25,24,24,23,24,23,23
253,2024,South Texas Regional,9/21/2024,2,20.00,Prelims,9,"McAllen Nikki Rowe H.S., TX",TX,13.000,11.200,12.100,11.900,11.300,11.600,11.200,11.400,22.600,11.600,34.200,57.900,0,57.900,10,AAA,,24,,,,"McAllen Nikki Rowe H.S., TX57.9",20,25,24,24,24,25,22,23,23,25,23,24,24
254,2024,South Texas Regional,9/21/2024,2,20.00,Prelims,14,"Economedes H.S., TX",TX,12.700,11.600,12.150,12.300,11.000,11.650,10.800,10.600,21.400,12.400,33.800,57.600,1,56.600,11,AAA,,25,,,,"Economedes H.S., TX56.6",23,24,23,22,25,24,24,25,25,22,25,25,25
255,2024,Toledo Regional,9/14/2024,1,15.00,Finals,7,"Homestead H.S., IN",IN,15.800,15.200,15.500,15.600,15.400,15.500,15.600,15.300,30.900,15.400,46.300,77.300,0,77.300,,AAA,,1,,,,"Homestead H.S., IN77.3",2,4,3,1,1,1,2,3,3,1,2,1,1
256,2024,Toledo Regional,9/14/2024,1,15.00,Finals,9,"Jenison H.S., MI",MI,16.000,15.800,15.900,14.600,14.600,14.600,15.800,15.800,31.600,15.100,46.700,77.200,0,77.200,,AA,,2,,,,"Jenison H.S., MI77.2",1,1,1,4,4,5,1,1,1,2,1,2,2
257,2024,Toledo Regional,9/14/2024,1,15.00,Finals,10,"Rockford H.S., MI",MI,15.700,15.600,15.650,14.400,15.200,14.800,15.500,15.500,31.000,14.200,45.200,75.650,0,75.650,,AAA,,3,,,,"Rockford H.S., MI75.65",3,2,2,6,2,3,3,2,2,5,3,3,3
258,2024,Toledo Regional,9/14/2024,1,15.00,Finals,12,"Carroll H.S., IN",IN,15.200,15.400,15.300,15.300,14.200,14.750,15.300,14.900,30.200,14.250,44.450,74.500,0,74.500,,AAAA,,4,,,,"Carroll H.S., IN74.5",5,3,4,2,6,4,4,4,4,4,4,4,4
259,2024,Toledo Regional,9/14/2024,1,15.00,Finals,8,"Goshen H.S., IN",IN,15.400,14.900,15.150,14.800,14.900,14.850,14.900,14.600,29.500,14.500,44.000,74.000,0.3,73.700,,AA,,5,,,,"Goshen H.S., IN73.7",4,6,5,3,3,2,6,5,5,3,5,5,5
260,2024,Toledo Regional,9/14/2024,1,15.00,Finals,11,"Plymouth-Canton Educational Park, MI",MI,15.000,15.000,15.000,14.500,14.400,14.450,15.100,14.200,29.300,13.850,43.150,72.600,0,72.600,,AAAA,,6,,,,"Plymouth-Canton Educational Park, MI72.6",6,5,6,5,5,6,5,6,6,7,6,6,6
261,2024,Toledo Regional,9/14/2024,1,15.00,Finals,2,"Lake Orion H.S., MI",MI,14.000,13.500,13.750,13.900,12.500,13.200,14.000,14.100,28.100,14.100,42.200,69.150,0,69.150,,AAA,,7,,,,"Lake Orion H.S., MI69.15",12,11,12,8,12,11,10,7,8,6,7,7,7
262,2024,Toledo Regional,9/14/2024,1,15.00,Finals,1,"Reeths-Puffer H.S., MI",MI,14.200,13.800,14.000,13.700,13.900,13.800,13.400,13.700,27.100,13.800,40.900,68.700,0,68.700,,AA,,8,,,,"Reeths-Puffer H.S., MI68.7",11,10,10,9,7,7,12,9,12,8,9,8,8
263,2024,Toledo Regional,9/14/2024,1,15.00,Finals,3,"Davenport Central H.S., IA",IA,14.600,13.200,13.900,13.600,13.100,13.350,14.500,13.900,28.400,13.000,41.400,68.650,0,68.650,,AA,,9,,,,"Davenport Central H.S., IA68.65",8,12,11,10,10,9,7,8,7,11,8,9,9
264,2024,Toledo Regional,9/14/2024,1,15.00,Finals,6,"Miamisburg H.S., OH",OH,14.500,14.500,14.500,12.900,13.700,13.300,14.400,13.200,27.600,13.100,40.700,68.500,0,68.500,,AA,,10,,,,"Miamisburg H.S., OH68.5",9,7,8,12,8,10,8,11,9,10,10,10,10
265,2024,Toledo Regional,9/14/2024,1,15.00,Finals,5,"Archbishop Alter H.S., OH",OH,14.400,14.000,14.200,14.000,13.300,13.650,14.300,13.000,27.300,13.200,40.500,68.350,0,68.350,,A,,11,,,,"Archbishop Alter H.S., OH68.35",10,9,9,7,9,8,9,12,10,9,11,11,11
266,2024,Toledo Regional,9/14/2024,1,15.00,Finals,4,"L'Anse Creuse H.S., MI",MI,14.800,14.300,14.550,13.500,12.800,13.150,13.800,13.400,27.200,12.800,40.000,67.700,0,67.700,,AA,,12,,,,"L'Anse Creuse H.S., MI67.7",7,8,7,11,11,12,11,10,11,12,12,12,12
267,2024,Toledo Regional,9/14/2024,1,10.00,Prelims,15,"Homestead H.S., IN",IN,15.600,15.500,15.550,15.500,16.100,15.800,16.500,15.600,32.100,15.400,47.500,78.850,0.3,78.550,1,AAA,,1,,,,"Homestead H.S., IN78.55",1,1,1,1,1,1,2,2,2,2,2,1,1
268,2024,Toledo Regional,9/14/2024,1,10.00,Prelims,17,"Jenison H.S., MI",MI,15.400,14.200,14.800,15.300,14.400,14.850,16.700,16.000,32.700,14.900,47.600,77.250,0,77.250,1,AA,,2,,,,"Jenison H.S., MI77.25",2,4,3,2,6,3,1,1,1,4,1,2,2
269,2024,Toledo Regional,9/14/2024,1,10.00,Prelims,9,"Rockford H.S., MI",MI,15.200,15.000,15.100,14.200,14.800,14.500,16.100,15.200,31.300,14.300,45.600,75.200,0,75.200,2,AAA,,3,,,,"Rockford H.S., MI75.2",3,2,2,6,3,5,3,3,3,6,4,3,3
270,2024,Toledo Regional,9/14/2024,1,10.00,Prelims,6,"Goshen H.S., IN",IN,14.400,14.500,14.450,14.300,14.200,14.250,15.700,14.600,30.300,15.800,46.100,74.800,0,74.800,2,AA,,4,,,,"Goshen H.S., IN74.8",5,3,4,5,7,6,4,5,4,1,3,4,4
271,2024,Toledo Regional,9/14/2024,1,10.00,Prelims,10,"Carroll H.S., IN",IN,14.100,12.900,13.500,15.100,15.000,15.050,15.500,14.800,30.300,14.100,44.400,72.950,0,72.950,1,AAAA,,5,,,,"Carroll H.S., IN72.95",6,9,6,3,2,2,5,4,4,7,5,5,5
272,2024,Toledo Regional,9/14/2024,1,10.00,Prelims,1,"Plymouth-Canton Educational Park, MI",MI,14.800,13.800,14.300,14.700,14.600,14.650,15.000,13.900,28.900,15.100,44.000,72.950,0.3,72.650,2,AAAA,,6,,,,"Plymouth-Canton Educational Park, MI72.65",4,5,5,4,4,4,6,6,6,3,6,5,6
273,2024,Toledo Regional,9/14/2024,1,10.00,Prelims,5,"Davenport Central H.S., IA",IA,13.200,13.500,13.350,13.100,14.500,13.800,13.800,13.500,27.300,14.600,41.900,69.050,0,69.050,3,AA,,7,,,,"Davenport Central H.S., IA69.05",10,6,9,10,5,8,11,8,9,5,7,7,7
274,2024,Toledo Regional,9/14/2024,1,10.00,Prelims,11,"Reeths-Puffer H.S., MI",MI,13.400,12.300,12.850,14.100,13.600,13.850,14.800,13.000,27.800,13.600,41.400,68.100,0,68.100,4,AA,,8,,,,"Reeths-Puffer H.S., MI68.1",9,11,10,7,9,7,7,11,7,8,8,8,8
275,2024,Toledo Regional,9/14/2024,1,10.00,Prelims,3,"Lake Orion H.S., MI",MI,13.800,13.100,13.450,13.700,13.700,13.700,14.600,12.700,27.300,12.700,40.000,67.150,0,67.150,3,AAA,,9,,,,"Lake Orion H.S., MI67.15",7,8,7,8,8,9,8,12,9,12,11,9,9
276,2024,Toledo Regional,9/14/2024,1,10.00,Prelims,16,"L'Anse Creuse H.S., MI",MI,13.600,13.300,13.450,12.700,13.000,12.850,14.200,13.100,27.300,13.100,40.400,66.700,0,66.700,5,AA,,10,,,,"L'Anse Creuse H.S., MI66.7",8,7,7,12,12,11,10,10,9,10,9,10,10
277,2024,Toledo Regional,9/14/2024,1,10.00,Prelims,4,"Miamisburg H.S., OH",OH,13.000,12.500,12.750,13.400,13.300,13.350,14.400,13.200,27.600,12.500,40.100,66.200,0,66.200,6,AA,,11,,,,"Miamisburg H.S., OH66.2",11,10,11,9,10,10,9,9,8,13,10,11,11
278,2024,Toledo Regional,9/14/2024,1,10.00,Prelims,12,"Archbishop Alter H.S., OH",OH,12.500,12.200,12.350,12.550,12.300,12.425,13.600,13.700,27.300,11.800,39.100,63.875,0,63.875,1,A,,12,,,,"Archbishop Alter H.S., OH63.875",13,12,12,13,14,14,12,7,9,16,12,12,12
279,2024,Toledo Regional,9/14/2024,1,10.00,Prelims,14,"Plainfield Central H.S., IL",IL,12.100,11.800,11.950,12.500,13.100,12.800,12.200,12.000,24.200,12.200,36.400,61.150,0,61.150,4,AAA,,13,,,,"Plainfield Central H.S., IL61.15",15,13,14,14,11,12,14,14,14,14,15,14,13
280,2024,Toledo Regional,9/14/2024,1,10.00,Prelims,2,"Hudsonville H.S., MI",MI,12.300,11.600,11.950,12.900,12.100,12.500,12.000,11.200,23.200,13.300,36.500,60.950,0,60.950,5,AAA,,14,,,,"Hudsonville H.S., MI60.95",14,14,14,11,15,13,15,15,15,9,14,15,14
281,2024,Toledo Regional,9/14/2024,1,10.00,Prelims,8,"Central Crossing H.S., OH",OH,12.600,11.400,12.000,12.300,12.400,12.350,13.100,12.300,25.400,11.500,36.900,61.250,0.6,60.650,7,AA,,15,,,,"Central Crossing H.S., OH60.65",12,15,13,16,13,15,13,13,13,17,13,13,15
282,2024,Toledo Regional,9/14/2024,1,10.00,Prelims,13,"Webster H.S., NY",NY,11.800,11.200,11.500,12.000,11.700,11.850,11.800,10.700,22.500,13.000,35.500,58.850,0,58.850,3,AAAA,,16,,,,"Webster H.S., NY58.85",16,16,16,17,16,16,16,17,16,11,16,16,16
283,2024,Toledo Regional,9/14/2024,1,10.00,Prelims,7,"Grant H.S., MI",MI,11.400,11.000,11.200,12.400,11.300,11.850,11.600,10.900,22.500,12.100,34.600,57.650,0,57.650,2,A,,17,,,,"Grant H.S., MI57.65",17,17,17,15,17,16,17,16,16,15,17,17,17